"localizacao","bairro","valor_venda","valor_condominio","valor_iptu","area_util","quartos","banheiros","vagas_na_garagem","academia","area_de_servico","churrasqueira","piscina","condominio_fechado","elevador","permitido_animais","salao_de_festas","portaria","seguranca_24h","mobiliado","armarios_na_cozinha","varanda","ar_condicionado","armarios_no_quarto","portao_eletronico","area_murada","quarto_de_servico"
"Rua Rúbens Monte, Jardim Cearense, Fortaleza, CE, 60712025","Jardim Cearense",1150000,500,1,64,3,2,2,1,1,1,1,1,1,1,1,0,0,0,0,0,0,0,0,0,0
"Rua Júlio Alcides, Maraponga, Fortaleza, CE, 60710680","Maraponga",1e+05,210,0,50,2,1,1,0,0,1,0,0,0,0,0,0,0,0,0,0,0,0,0,0,0
"Avenida Godofredo Maciel - de 1282 a 3540 - lado par, Maraponga, Fortaleza, CE, 60710684","Maraponga",105000,200,NA,43,2,1,1,1,1,0,1,1,0,1,1,1,1,0,0,0,0,0,0,0,0
"Rua Moreira da Rocha, Mondubim, Fortaleza, CE, 60762370","Mondubim",125000,200,90,49,2,2,1,0,0,0,0,0,0,0,0,0,0,0,0,0,0,0,0,0,0
"Rua Moreira da Rocha, Mondubim, Fortaleza, CE, 60762370","Mondubim",125000,230,100,50,2,1,1,0,0,0,0,0,0,0,0,0,0,0,0,0,0,0,0,0,0
"Rua Aymar Rodrigues, Maraponga, Fortaleza, CE, 60711110","Maraponga",125000,250,13,44,2,1,1,0,0,1,1,1,0,1,1,0,0,0,0,0,0,0,0,0,0
"Vila São Rafael, Maraponga, Fortaleza, CE, 60710311","Maraponga",135000,350,1,44,2,1,1,0,0,1,0,1,0,1,1,0,0,0,0,0,0,0,0,0,0
"Rua Coronel Manuel Albano, Mondubim, Fortaleza, CE, 60711465","Mondubim",135000,200,200,48,2,1,1,0,0,1,0,1,0,1,1,1,0,0,0,0,0,0,0,0,0
"Rua Coronel Manuel Albano, Mondubim, Fortaleza, CE, 60711465","Mondubim",135000,200,50,44,2,1,1,0,1,1,0,1,0,1,1,1,0,0,0,0,0,0,0,0,0
"Rua Coronel Manuel Albano, Mondubim, Fortaleza, CE, 60711465","Mondubim",135000,350,100,44,2,1,1,0,0,0,0,1,0,1,1,1,0,0,0,0,0,0,0,0,0
"Rua Coronel Manuel Albano, Mondubim, Fortaleza, CE, 60711465","Mondubim",135000,350,13,45,2,1,1,0,0,1,0,1,0,1,1,0,0,0,0,0,0,0,0,0,0
"Vila São Rafael, Maraponga, Fortaleza, CE, 60710311","Maraponga",135000,350,1,44,2,1,1,0,0,1,0,1,0,1,1,0,0,0,0,0,0,0,0,0,0
"Rua Coronel Manuel Albano, Mondubim, Fortaleza, CE, 60711465","Mondubim",135000,350,25,44,2,1,1,0,0,0,0,0,0,0,0,0,0,0,0,0,0,0,0,0,0
"Rua Coronel Manuel Albano, Mondubim, Fortaleza, CE, 60711465","Mondubim",135000,350,350,48,2,1,1,0,0,1,0,1,0,1,1,0,0,0,0,0,0,0,0,0,0
"Rua Coronel Manuel Albano, Mondubim, Fortaleza, CE, 60711465","Mondubim",135000,350,50,44,2,1,1,0,0,0,0,0,0,0,0,0,0,0,0,0,0,0,0,0,0
"Rua Coronel Manuel Albano, Mondubim, Fortaleza, CE, 60711465","Mondubim",135000,350,80,48,2,1,1,0,0,1,0,1,0,1,1,0,0,0,0,0,0,0,0,0,0
"Rua Coronel Manuel Albano, Mondubim, Fortaleza, CE, 60711465","Mondubim",135000,380,50,45,2,1,1,0,0,1,0,1,0,1,1,0,0,0,0,0,0,0,0,0,0
"Rodovia Doutor Mendel Steinbruch - até 5469 - lado ímpar, Mondubim, Fortaleza, CE, 60752483","Mondubim",140000,240,0,56,2,1,1,0,0,0,0,0,0,1,0,0,0,0,0,0,0,0,0,0,0
"Rua Coronel Manuel Albano, Mondubim, Fortaleza, CE, 60711465","Mondubim",140000,300,222,43,2,1,1,0,0,0,0,0,0,0,0,0,0,0,0,0,0,0,0,0,0
"Rua Coronel Manuel Albano, Mondubim, Fortaleza, CE, 60711465","Mondubim",145000,350,0,48,2,1,1,0,1,1,0,0,0,0,0,0,0,0,0,0,0,0,0,0,0
"Avenida Godofredo Maciel - de 1282 a 3540 - lado par, Maraponga, Fortaleza, CE, 60710902","Maraponga",148000,240,0,56,2,1,1,0,0,0,0,1,0,1,0,1,0,0,0,0,0,0,0,0,0
"Rua Suíça - até 568/569Maraponga, Fortaleza, CE, 60711035, Rua Suíça - até 568/569Maraponga","Maraponga",150000,200,200,44,2,2,1,1,0,1,0,1,0,1,1,0,0,0,0,0,0,0,0,0,0
"Rua Suíça - até 568/569Maraponga, Fortaleza, CE, 60711035, Rua Suíça - até 568/569Maraponga","Maraponga",150000,0,0,66,3,2,1,0,0,1,0,0,0,0,0,0,0,0,0,0,0,0,0,0,0
"Rua Benjamim Brasil - de 2/3 ao fim, Mondubim, Fortaleza, CE, 60711442","Mondubim",150000,0,0,44,2,1,NA,0,0,0,0,1,0,1,0,0,0,0,0,0,0,0,0,0,0
"Rua Suíça - até 568/569Maraponga, Fortaleza, CE, 60711035, Rua Suíça - até 568/569Maraponga","Maraponga",150000,200,100,44,2,1,1,0,0,1,0,1,0,1,1,1,0,0,0,0,0,0,0,0,0
"Rua Suíça - até 568/569Maraponga, Fortaleza, CE, 60711035, Rua Suíça - até 568/569Maraponga","Maraponga",150000,200,200,44,2,2,1,0,0,0,0,1,0,1,1,0,0,0,0,0,0,0,0,0,0
"Rua Suíça - até 568/569Maraponga, Fortaleza, CE, 60711035, Rua Suíça - até 568/569Maraponga","Maraponga",150000,27,100,68,3,2,1,0,0,0,0,1,0,1,0,1,0,0,0,0,0,0,0,0,0
"Rua Suíça - até 568/569Maraponga, Fortaleza, CE, 60711035, Rua Suíça - até 568/569Maraponga","Maraponga",150000,270,100,68,3,2,1,0,0,0,0,1,0,1,0,1,0,0,0,0,0,0,0,0,0
"Rua Suíça - até 568/569Maraponga, Fortaleza, CE, 60711035, Rua Suíça - até 568/569Maraponga","Maraponga",150000,275,NA,681,3,2,1,0,0,0,0,1,0,1,1,1,1,0,0,0,0,0,0,0,0
"Rua Benjamim Brasil - até 1081 - lado ímpar, Jardim Cearense, Fortaleza, CE, 60712003","Jardim Cearense",150000,280,0,44,2,1,1,0,0,0,0,0,0,1,0,0,0,0,0,0,0,0,0,0,0
"Rua Suíça - até 568/569Maraponga, Fortaleza, CE, 60711035, Rua Suíça - até 568/569Maraponga","Maraponga",150000,280,100,71,3,2,1,0,0,1,0,1,0,1,1,0,0,0,0,0,0,0,0,0,0
"Rua Suíça - até 568/569Maraponga, Fortaleza, CE, 60711035, Rua Suíça - até 568/569Maraponga","Maraponga",150000,289,13,65,3,2,1,0,0,1,0,1,0,1,1,0,0,0,0,0,0,0,0,0,0
"Rua Suíça - até 568/569Maraponga, Fortaleza, CE, 60711902, Rua Suíça - até 568/569Maraponga","Maraponga",150000,289,1,60,3,2,1,0,0,0,0,1,0,1,1,0,0,0,0,0,0,0,0,0,0
"Rua Suíça - até 568/569Maraponga, Fortaleza, CE, 60711035, NA","Maraponga",150000,289,30,60,3,1,1,0,0,0,0,0,0,0,0,0,0,0,0,0,0,0,0,0,0
"Rua Suíça - até 568/569Maraponga, Fortaleza, CE, 60711035, Rua Suíça - até 568/569Maraponga","Maraponga",150000,289,35,65,3,2,1,0,0,1,0,1,0,1,1,1,0,0,0,0,0,0,0,0,0
"Rua Suíça - até 568/569Maraponga, Fortaleza, CE, 60711035, NA","Maraponga",150000,289,50,61,3,1,1,0,0,0,0,0,0,0,0,0,0,0,0,0,0,0,0,0,0
"Rua Suíça - até 568/569Maraponga, Fortaleza, CE, 60711035, Rua Suíça - até 568/569Maraponga","Maraponga",150000,289,50,65,3,2,1,0,1,1,0,1,0,1,1,1,0,0,0,0,0,0,0,0,0
"Rua Suíça - até 568/569Maraponga, Fortaleza, CE, 60711035, Rua Suíça - até 568/569Maraponga","Maraponga",150000,300,100,68,3,1,1,0,0,0,0,1,0,1,0,1,0,0,0,0,0,0,0,0,0
"Rua Suíça - até 568/569Maraponga, Fortaleza, CE, 60711035, Rua Suíça - até 568/569Maraponga","Maraponga",150000,300,100,71,3,2,1,0,0,1,0,1,0,1,1,0,0,0,0,0,0,0,0,0,0
"Rua Coronel Manuel Albano, Mondubim, Fortaleza, CE, 60711465","Mondubim",150000,350,0,48,2,1,1,0,1,0,0,0,0,1,0,0,0,0,0,0,0,0,0,0,0
"Rua Coronel Manuel Albano, Mondubim, Fortaleza, CE, 60711465","Mondubim",150999,289,289,48,3,2,1,0,0,1,0,1,0,1,1,0,0,0,0,0,0,0,0,0,0
"Rua Benjamim Brasil - de 2/3 ao fim, Mondubim, Fortaleza, CE, 60711442","Mondubim",155000,290,0,49,2,1,1,0,0,1,0,0,0,1,0,0,0,0,0,0,0,0,0,0,0
"Rua Suíça - até 568/569Maraponga, Fortaleza, CE, 60711035, NA","Maraponga",155000,295,10,55,3,2,1,0,0,0,0,0,0,0,0,0,0,0,0,0,0,0,0,0,0
"Rua Suíça - até 568/569Maraponga, Fortaleza, CE, 60711035, NA","Maraponga",155000,298,100,60,3,1,1,0,0,0,0,0,0,0,0,0,0,0,0,0,0,0,0,0,0
"Rua Coronel Manuel Albano, Mondubim, Fortaleza, CE, 60711465","Mondubim",155000,350,13,45,2,1,1,0,0,1,0,1,0,1,1,0,0,0,0,0,0,0,0,0,0
"Rua Coronel Manuel Albano, Mondubim, Fortaleza, CE, 60711465","Mondubim",155000,350,1,96,2,1,1,0,0,1,0,1,0,1,1,0,0,0,0,0,0,0,0,0,0
"Mondubim, Fortaleza, CE, 60711465, Mondubim","Mondubim",159000,224,0,45,1,1,1,0,0,0,0,1,0,1,0,0,0,1,0,0,0,0,0,0,0
"Rua Benjamim Brasil - de 2/3 ao fim, Mondubim, Fortaleza, CE, 60711442","Mondubim",159000,290,0,44,2,1,1,0,0,1,0,1,0,1,0,0,0,0,0,0,0,0,0,0,0
"Rua Leon Gradvol - até 338/339Maraponga, Fortaleza, CE, 60711155, Rua Leon Gradvol - até 338/339Maraponga","Maraponga",160000,185,NA,62,2,1,1,0,0,0,0,1,0,1,1,0,0,0,1,1,0,0,0,0,0
"Rua Coronel Manuel Albano, Mondubim, Fortaleza, CE, 60711465","Mondubim",160000,239,NA,42,2,1,1,1,0,0,1,1,0,1,1,1,1,0,0,0,1,0,0,0,0
"Rua Benjamim Brasil - de 2/3 ao fim, Mondubim, Fortaleza, CE, 60711442","Mondubim",160000,300,0,44,2,1,1,0,1,1,0,0,0,1,0,0,0,0,0,0,0,0,0,0,0
"Rua Suíça - até 568/569Maraponga, Fortaleza, CE, 60711035, Rua Suíça - até 568/569Maraponga","Maraponga",160000,300,100,60,3,2,1,0,0,1,0,1,0,1,1,1,0,0,0,0,1,0,0,0,0
"Rua Coronel Manuel Albano, Mondubim, Fortaleza, CE, 60711465","Mondubim",160000,310,0,48,2,1,1,0,0,0,0,1,0,1,1,1,0,0,0,0,0,0,0,0,0
"Rua Coronel Manuel Albano, Mondubim, Fortaleza, CE, 60711465","Mondubim",160000,350,0,47,2,1,1,0,0,0,0,1,0,1,0,1,0,0,0,0,0,0,0,0,0
"Mondubim, Fortaleza, CE, 60753320, Mondubim","Mondubim",160000,350,220,45,2,1,1,0,1,1,0,1,0,1,1,1,0,1,0,0,0,0,0,0,0
"Rua Suíça - até 568/569Maraponga, Fortaleza, CE, 60711035, Rua Suíça - até 568/569Maraponga","Maraponga",165000,180,0,40,3,2,1,0,1,0,0,1,0,1,1,1,1,0,0,0,0,0,0,0,0
"Rua Coronel Manuel Albano, Mondubim, Fortaleza, CE, 60711465","Mondubim",165000,200,1,48,2,1,1,0,0,1,0,1,0,1,1,0,0,0,0,0,0,0,0,0,0
"Rua Coronel Manuel Albano, Mondubim, Fortaleza, CE, 60711465","Mondubim",165000,350,200,48,2,1,1,0,0,1,0,1,0,1,1,0,0,0,0,0,0,0,0,0,0
"Rua Coronel Manuel Albano, Mondubim, Fortaleza, CE, 60711465","Mondubim",165000,350,350,40,2,1,1,0,0,1,0,1,0,1,1,0,0,0,0,0,0,0,0,0,0
"Rua Coronel Manuel Albano, Mondubim, Fortaleza, CE, 60711465","Mondubim",165000,380,200,48,2,1,1,0,0,1,0,1,0,1,1,0,0,0,0,0,0,0,0,0,0
"Rua Coronel Manuel Albano, Mondubim, Fortaleza, CE, 60711465","Mondubim",165000,250,1,48,2,1,1,0,0,1,0,1,0,1,1,0,0,0,0,0,0,0,0,0,0
"Rua Aymar Rodrigues, Maraponga, Fortaleza, CE, 60711110","Maraponga",165000,180,13,45,2,1,1,0,0,1,0,1,0,1,1,0,0,0,0,0,0,0,0,0,0
"Rua Coronel Manuel Albano, Mondubim, Fortaleza, CE, 60711465","Mondubim",165000,0,0,42,2,1,1,0,0,0,0,0,0,0,0,0,0,0,0,0,0,0,0,0,0
"Rua Júlio Alcides, Maraponga, Fortaleza, CE, 60710680","Maraponga",165000,215,150,48,2,1,1,0,0,1,1,1,0,0,1,0,0,0,0,0,1,0,0,0,0
"Rua Coronel Manuel Albano, Mondubim, Fortaleza, CE, 60711465","Mondubim",165000,310,0,48,2,1,1,0,1,0,0,0,0,1,0,0,0,0,0,0,0,0,0,0,0
"Rua Joaquim Jerônimo, Mondubim, Fortaleza, CE, 60711520","Mondubim",165000,350,NA,49,2,1,1,0,0,0,0,1,0,0,0,0,1,0,1,0,0,0,0,0,0
"Rua Antônio Divino, Mondubim, Fortaleza, CE, 60711540","Mondubim",169000,269,6,45,2,1,1,0,0,1,1,0,0,1,0,0,0,0,0,0,0,0,0,0,0
"Rua Holanda, Maraponga, Fortaleza, CE, 60711005","Maraponga",169000,350,0,85,3,1,1,0,1,0,0,1,0,0,0,1,0,0,0,1,0,0,0,0,0
"Rua Júlio Alcides, Maraponga, Fortaleza, CE, 60710680","Maraponga",170000,200,0,43,2,1,1,0,0,1,1,0,0,0,0,0,0,0,0,0,0,0,0,0,0
"Rua Suíça - até 568/569Maraponga, Fortaleza, CE, 60711035, Rua Suíça - até 568/569Maraponga","Maraponga",170000,200,100,60,3,2,1,0,0,1,0,1,0,1,1,1,0,0,0,0,1,0,0,0,0
"Rua Coronel Manuel Albano, Mondubim, Fortaleza, CE, 60711465","Mondubim",170000,350,0,47,2,1,1,0,0,0,0,1,0,1,1,1,0,1,0,0,0,0,0,0,0
"Rua Coronel Manuel Albano, Mondubim, Fortaleza, CE, 60711465","Mondubim",170000,350,0,47,2,1,1,0,0,0,0,1,0,1,1,1,0,1,0,0,1,0,0,0,0
"Avenida Godofredo Maciel - de 1282 a 3540 - lado par, Maraponga, Fortaleza, CE, 60710902","Maraponga",174999,0,0,69,3,2,1,0,0,0,0,1,0,1,1,1,0,0,0,0,0,0,0,0,0
"Rua Júlio Alcides, Maraponga, Fortaleza, CE, 60710680","Maraponga",175000,215,0,44,2,1,1,0,0,1,1,1,0,1,1,1,0,0,0,0,0,0,0,0,0
"Rua Júlio Alcides, Maraponga, Fortaleza, CE, 60710680","Maraponga",175000,210,0,45,2,1,1,0,0,1,1,1,0,1,1,1,0,0,0,0,0,0,0,0,0
"Rua Joaquim Jerônimo, Mondubim, Fortaleza, CE, 60711520","Mondubim",175000,340,0,48,2,1,1,0,0,0,0,0,0,1,0,0,0,0,0,0,1,0,0,0,0
"Rua Benjamim Brasil - de 2/3 ao fim, Mondubim, Fortaleza, CE, 60711442","Mondubim",178000,0,0,44,2,1,1,0,1,0,0,1,0,1,1,1,0,0,0,0,0,0,0,0,0
"Rua Júlio Alcides, Maraponga, Fortaleza, CE, 60710680","Maraponga",179000,200,0,43,2,1,1,0,0,1,1,0,0,0,0,0,0,0,0,0,0,0,0,0,0
"Rua Antônio Divino, Mondubim, Fortaleza, CE, 60711540","Mondubim",179000,270,0,48,2,1,1,0,1,1,1,0,0,0,0,0,0,0,0,0,0,0,0,0,0
"Rua Júlio Alcides, Maraponga, Fortaleza, CE, 60710680","Maraponga",180000,202,0,55,2,1,1,0,0,1,1,0,0,0,0,0,0,0,0,0,0,0,0,0,0
"Rua Júlio Alcides, Maraponga, Fortaleza, CE, 60710680","Maraponga",180000,211,0,46,2,2,1,0,1,1,1,1,0,1,0,1,0,0,0,0,0,0,0,0,0
"Rua Francisco Glicério - até 1468/1469Maraponga, Fortaleza, CE, 60711901, Rua Francisco Glicério - até 1468/1469Maraponga","Maraponga",180000,0,0,36,1,1,1,0,0,1,1,1,0,1,1,1,0,0,0,0,1,0,0,0,0
"Rua Professor Manduca, Mondubim, Fortaleza, CE, 60711555","Mondubim",180000,0,0,63,3,2,1,0,0,1,1,1,0,1,0,0,0,0,0,0,0,0,0,0,0
"Rua Júlio Alcides, Maraponga, Fortaleza, CE, 60710680","Maraponga",180000,200,0,44,2,1,1,0,0,1,1,0,0,0,0,0,0,0,0,0,0,0,0,0,0
"Rua Júlio Alcides, Maraponga, Fortaleza, CE, 60710680","Maraponga",180000,211,0,45,2,2,1,0,0,1,1,1,0,1,1,1,0,0,0,0,0,0,0,0,0
"Rua Júlio Alcides, Maraponga, Fortaleza, CE, 60710680","Maraponga",180000,220,0,48,2,1,1,0,1,1,1,0,0,0,0,0,0,0,0,0,0,0,0,0,0
"Rua Júlio Alcides, Maraponga, Fortaleza, CE, 60710680","Maraponga",180000,220,0,48,2,1,1,0,0,1,1,1,0,1,1,1,0,0,0,0,0,0,0,0,0
"Rua Suíça - até 568/569Maraponga, Fortaleza, CE, 60711035, Rua Suíça - até 568/569Maraponga","Maraponga",180000,232,0,65,3,2,2,0,0,0,0,1,0,1,0,1,1,1,0,0,0,0,0,0,0
"Rua Holanda, Jardim Cearense, Fortaleza, CE, 60712165","Jardim Cearense",180000,239,0,45,2,1,2,0,0,1,0,0,0,1,0,0,0,0,0,0,0,0,0,0,0
"Rua Emílio SáJardim Cearense, Fortaleza, CE, 60712045, Rua Emílio SáJardim Cearense","Jardim Cearense",180000,250,13,68,2,2,1,0,0,1,0,1,0,1,0,0,0,1,0,0,0,0,0,0,0
"Rua Suíça - até 568/569Maraponga, Fortaleza, CE, 60711035, Rua Suíça - até 568/569Maraponga","Maraponga",180000,250,300,60,3,2,1,0,0,1,0,1,0,1,1,1,0,0,0,0,1,0,0,0,0
"Rua Antônio Divino, Mondubim, Fortaleza, CE, 60711540","Mondubim",180000,270,0,45,2,1,1,0,0,1,1,1,0,1,1,1,0,0,0,0,0,0,0,0,0
"Rua Benjamim Brasil - até 1081 - lado ímpar, Jardim Cearense, Fortaleza, CE, 60712003","Jardim Cearense",180000,300,0,52,2,1,1,0,0,0,0,1,0,1,0,0,0,0,0,0,0,0,0,0,0
"Rua Monte Líbano, Mondubim, Fortaleza, CE, 60762376","Mondubim",180000,320,0,44,2,1,1,0,0,1,1,0,0,0,1,0,1,0,0,0,0,0,0,0,0
"Rua Coronel Manuel Albano, Mondubim, Fortaleza, CE, 60711465","Mondubim",180000,380,100,50,2,1,1,0,0,0,0,0,0,0,0,0,0,0,0,0,0,0,0,0,0
"Rua Coronel Manuel Albano, Mondubim, Fortaleza, CE, 60711465","Mondubim",180000,380,40,49,2,1,1,0,0,0,0,0,0,0,0,0,0,0,0,0,0,0,0,0,0
"Rua Professor Manduca, Mondubim, Fortaleza, CE, 60711555","Mondubim",180000,470,0,63,3,2,1,0,1,0,1,1,0,1,1,0,0,1,1,1,0,1,0,0,0
"Rua Júlio Alcides, Maraponga, Fortaleza, CE, 60710680","Maraponga",184900,219,0,48,2,1,1,0,0,1,1,1,0,1,1,1,0,0,0,0,0,0,0,0,0
"Rua Vinícios de Morais - de 552/553 a 1210/1211Maraponga, Fortaleza, CE, 60711095, Rua Vinícios de Morais - de 552/553 a 1210/1211Maraponga","Maraponga",185000,360,0,64,3,2,1,0,0,1,1,1,0,1,1,0,0,0,0,0,0,0,0,0,0
"Rua Júlio Alcides, Maraponga, Fortaleza, CE, 60710680","Maraponga",185000,220,0,45,2,2,1,0,1,1,1,0,0,0,0,0,0,0,0,0,1,0,0,0,0
"Rua Júlio Alcides, Maraponga, Fortaleza, CE, 60710680","Maraponga",185000,250,300,44,2,1,1,0,0,1,1,1,0,1,1,1,0,0,0,0,1,0,0,0,0
"Rua Suíça - até 568/569Maraponga, Fortaleza, CE, 60711035, Rua Suíça - até 568/569Maraponga","Maraponga",185000,280,NA,68,3,2,1,1,1,0,0,1,0,1,1,1,1,0,0,0,0,1,0,0,0
"Rua Vinícios de Morais - de 552/553 a 1210/1211Maraponga, Fortaleza, CE, 60711095, Rua Vinícios de Morais - de 552/553 a 1210/1211Maraponga","Maraponga",185000,330,0,64,3,2,1,0,1,1,1,0,0,0,0,0,0,1,0,1,1,0,0,0,0
"Rua Bélgica, Maraponga, Fortaleza, CE, 60710790","Maraponga",185000,500,0,56,2,2,1,1,0,1,0,1,0,1,1,0,0,0,0,0,0,0,0,0,0
"Maraponga, Fortaleza, CE, 60710830, NA","Maraponga",185000,500,NA,56,2,2,1,0,0,0,0,0,0,0,0,0,0,0,0,0,0,0,0,0,0
"Rua Coronel Manuel Albano, Mondubim, Fortaleza, CE, 60711465","Mondubim",189000,0,0,50,2,1,1,0,0,1,1,1,0,1,0,0,0,0,0,0,0,0,0,0,0
"Avenida Godofredo Maciel - de 1283 a 2343 - lado ímpar, Maraponga, Fortaleza, CE, 60710903","Maraponga",189000,0,0,45,2,1,1,0,0,0,0,0,0,0,0,0,0,0,0,0,0,0,0,0,0
"Rua Coronel Manuel Albano, Mondubim, Fortaleza, CE, 60711465","Mondubim",189000,220,0,49,2,2,1,0,0,1,0,1,0,1,1,1,0,0,0,0,0,0,0,0,0
"Rua Coronel Manuel Albano, Mondubim, Fortaleza, CE, 60711465","Mondubim",189000,220,NA,48,2,1,1,0,0,0,1,1,0,1,1,1,0,0,0,0,0,0,0,0,0
"Avenida Godofredo Maciel - de 1283 a 2343 - lado ímpar, Maraponga, Fortaleza, CE, 60710903","Maraponga",189556,0,0,45,2,1,1,0,0,0,0,0,0,0,0,0,0,0,0,0,0,0,0,0,0
"Maraponga, Fortaleza, CE, 60710903, NA","Maraponga",189994,0,0,45,2,1,1,0,0,0,0,0,0,0,0,0,0,0,0,0,0,0,0,0,0
"Avenida Godofredo Maciel - de 1283 a 2343 - lado ímpar, Maraponga, Fortaleza, CE, 60710903","Maraponga",189997,0,0,45,2,1,1,0,0,0,0,0,0,0,0,0,0,0,0,0,0,0,0,0,0
"Avenida Godofredo Maciel - de 1283 a 2343 - lado ímpar, Maraponga, Fortaleza, CE, 60710903","Maraponga",189998,0,0,45,2,1,1,0,0,0,0,0,0,0,0,0,0,0,0,0,0,0,0,0,0
"Rua Júlio Alcides, Maraponga, Fortaleza, CE, 60710680","Maraponga",190000,220,100,43,2,1,1,1,0,0,0,1,1,1,0,1,0,0,0,0,0,0,0,0,0
"Rua Coronel Manuel Albano, Mondubim, Fortaleza, CE, 60711465","Mondubim",190000,220,0,48,2,1,1,0,1,1,1,0,0,0,0,0,0,0,0,0,0,0,0,0,0
"Rua Coronel Manuel Albano, Mondubim, Fortaleza, CE, 60711465","Mondubim",190000,220,400,50,2,1,1,0,0,0,1,1,0,1,0,0,0,0,0,0,0,0,0,0,0
"Rua Coronel Manuel Albano, Mondubim, Fortaleza, CE, 60711465","Mondubim",190000,251,50,51,2,1,1,0,1,1,1,0,1,1,0,0,0,0,0,1,0,0,0,0,0
"Avenida Godofredo Maciel - de 1282 a 3540 - lado par, Maraponga, Fortaleza, CE, 60710902","Maraponga",190000,270,0,62,2,1,1,0,0,0,0,1,0,1,1,1,0,0,0,0,0,0,0,0,0
"Rua Castro Meireles, Mondubim, Fortaleza, CE, 60711475","Mondubim",190000,300,0,55,2,1,1,0,0,0,0,0,0,0,0,0,0,0,0,0,0,0,0,0,0
"Rua Castro Meireles, Mondubim, Fortaleza, CE, 60711475","Mondubim",190000,300,NA,NA,2,2,1,0,1,0,0,1,0,1,0,0,0,0,1,1,0,1,0,0,0
"Rua Vinícios de Morais - de 552/553 a 1210/1211Maraponga, Fortaleza, CE, 60711095, Rua Vinícios de Morais - de 552/553 a 1210/1211Maraponga","Maraponga",190000,350,0,72,3,2,1,0,0,1,1,1,0,1,0,1,0,0,0,0,0,0,0,0,0
"Rua Benjamim Brasil - de 2/3 ao fim, Mondubim, Fortaleza, CE, 60711442","Mondubim",190000,440,0,67,3,2,1,0,0,1,1,0,0,0,0,0,0,0,0,0,0,0,0,0,0
"Rua Castro Meireles, Mondubim, Fortaleza, CE, 60711475","Mondubim",193000,300,0,55,2,2,1,0,1,1,0,1,0,0,0,0,0,0,0,0,0,0,0,0,0
"Rua País de Gales, Maraponga, Fortaleza, CE, 60710820","Maraponga",195000,0,200,77,3,2,NA,0,0,0,0,0,0,0,0,0,0,0,0,0,0,0,0,0,0
"Rua Júlio Alcides, Maraponga, Fortaleza, CE, 60710680","Maraponga",195000,209,0,48,2,1,1,0,0,1,1,0,0,0,0,0,0,0,0,0,0,0,0,0,0
"Rua Júlio Alcides, Maraponga, Fortaleza, CE, 60710680","Maraponga",195000,220,NA,50,2,2,1,0,0,0,1,1,0,0,1,1,1,0,0,0,0,0,0,0,0
"Rua Benjamim Brasil - de 2/3 ao fim, Mondubim, Fortaleza, CE, 60711442","Mondubim",195000,270,0,52,2,1,1,0,1,0,0,0,0,1,0,0,0,0,0,0,1,0,0,0,0
"Rua Antônio Divino, Mondubim, Fortaleza, CE, 60711540","Mondubim",195000,280,NA,45,2,1,1,0,0,1,1,1,0,1,1,1,1,0,1,0,1,1,0,0,0
"Rua Júlio Alcides, Maraponga, Fortaleza, CE, 60710680","Maraponga",195000,300,0,43,2,1,1,0,1,0,0,0,0,0,0,0,0,0,0,0,1,0,0,0,0
"Rua Coronel Manuel Albano, Mondubim, Fortaleza, CE, 60711465","Mondubim",195000,NA,NA,47,2,1,1,0,0,0,1,1,0,1,1,1,1,0,1,0,0,0,0,0,0
"Rua Coronel Manuel Albano, Mondubim, Fortaleza, CE, 60711465","Mondubim",198000,220,0,50,2,1,1,0,0,1,1,1,0,1,0,0,0,0,0,0,0,0,0,0,0
"Rua Bélgica, Maraponga, Fortaleza, CE, 60710790","Maraponga",198000,500,0,54,2,1,1,1,1,0,0,1,0,1,1,0,0,0,0,0,0,0,0,0,0
"Rua Júlio Alcides, Maraponga, Fortaleza, CE, 60710680","Maraponga",199000,200,100,44,2,1,1,0,0,1,1,0,0,1,1,0,0,0,0,0,1,0,0,0,0
"Rua Júlio Alcides, Maraponga, Fortaleza, CE, 60710680","Maraponga",199000,250,300,44,2,1,1,0,0,1,1,1,0,1,1,1,0,0,0,0,1,0,0,0,0
"Avenida Godofredo Maciel - de 1282 a 3540 - lado par, Maraponga, Fortaleza, CE, 60710684","Maraponga",199000,270,0,62,2,1,1,0,0,0,0,1,0,1,1,1,0,0,0,0,0,0,0,0,0
"Rua Júlio Alcides, Maraponga, Fortaleza, CE, 60710680","Maraponga",199000,211,1,44,2,1,1,0,0,0,1,0,0,0,0,0,1,0,0,0,0,0,0,0,0
"Maraponga, Fortaleza, CE, 60711000, Maraponga","Maraponga",199000,200,0,48,2,1,1,0,0,0,0,0,0,1,0,0,0,0,0,0,0,0,0,0,0
"Rua Benjamim Brasil - de 2/3 ao fim, Mondubim, Fortaleza, CE, 60711442","Mondubim",199900,0,0,50,2,1,1,0,0,0,0,0,0,1,0,0,0,0,0,0,0,0,0,0,0
"Rua Sebastião de Abreu, Maraponga, Fortaleza, CE, 60710830","Maraponga",1,NA,NA,70,3,2,1,0,1,1,0,1,0,1,1,1,1,0,1,0,0,1,0,0,0
"Avenida Godofredo Maciel - de 1282 a 3540 - lado par, Maraponga, Fortaleza, CE, 60710684","Maraponga",2e+05,240,0,62,2,1,1,0,0,0,0,1,0,0,0,0,0,0,0,0,0,0,0,0,0
"Avenida Godofredo Maciel - de 1282 a 3540 - lado par, Maraponga, Fortaleza, CE, 60710684","Maraponga",2e+05,0,0,54,2,2,2,0,0,0,0,0,0,0,0,0,0,0,0,0,0,0,0,0,0
"Rua Coronel Jaime Rolemberg, Jardim Cearense, Fortaleza, CE, 60712175","Jardim Cearense",2e+05,0,0,52,2,1,1,0,0,0,0,1,0,1,0,1,0,0,1,0,0,0,0,0,0
"Rua Cristiano Otoni, Mondubim, Fortaleza, CE, 60761420","Mondubim",2e+05,0,0,44,2,1,1,0,0,1,1,1,0,1,1,0,0,0,0,0,0,0,0,0,0
"Rua Coronel Manuel Albano, Mondubim, Fortaleza, CE, 60711465","Mondubim",2e+05,200,0,48,2,1,1,0,0,1,1,1,0,0,0,0,0,0,0,0,0,0,0,0,0
"Rua Coronel Manuel Albano, Mondubim, Fortaleza, CE, 60711465","Mondubim",2e+05,210,0,52,2,1,1,0,0,1,1,0,0,0,0,0,0,0,0,0,0,0,0,0,0
"Rua Holanda, Jardim Cearense, Fortaleza, CE, 60712165","Jardim Cearense",2e+05,215,0,44,2,1,1,0,0,1,0,0,0,1,0,0,0,0,0,0,0,0,0,0,0
"Rua Coronel Manuel Albano, Mondubim, Fortaleza, CE, 60711465","Mondubim",2e+05,219,0,45,2,1,1,0,0,1,1,1,0,1,1,1,0,1,0,0,1,0,0,0,0
"Rua Coronel Manuel Albano, Mondubim, Fortaleza, CE, 60711465","Mondubim",2e+05,229,0,48,2,1,1,0,0,0,0,0,0,0,0,0,0,0,0,0,1,0,0,0,0
"Maraponga, Fortaleza, CE, 60711000, Maraponga","Maraponga",2e+05,250,450,47,2,1,1,0,0,1,1,0,0,1,0,0,0,0,0,0,0,0,0,0,0
"Rua Cristiano Otoni, Mondubim, Fortaleza, CE, 60761420","Mondubim",204000,0,0,37,2,1,NA,0,0,0,0,0,0,0,0,0,0,0,0,0,0,0,0,0,0
"Rua Antônio Divino, Mondubim, Fortaleza, CE, 60711540","Mondubim",205000,0,0,45,2,1,1,0,0,1,1,1,1,1,0,0,0,0,0,0,0,0,0,0,0
"Rua Coronel Manuel Albano, Mondubim, Fortaleza, CE, 60711465","Mondubim",205000,1,1,65,2,1,1,0,1,1,0,0,0,1,0,0,0,0,0,0,0,0,0,0,0
"Rua Coronel Manuel Albano, Mondubim, Fortaleza, CE, 60711465","Mondubim",205000,380,13,48,2,1,1,0,0,0,0,1,0,1,0,0,0,0,0,0,0,0,0,0,0
"Rua Doutor Procópio, Aracapé, Fortaleza, CE, 60764605","Outro",208000,0,0,51,2,2,1,0,0,1,1,0,1,1,0,0,0,0,0,0,0,0,0,0,0
"Rua Dom Oscar Romero, Mondubim, Fortaleza, CE, 60762010","Mondubim",208000,0,0,49,2,2,1,1,1,0,1,0,1,1,1,1,0,0,0,1,0,0,0,0,0
"Rua Vereadora Zélia Correia de Sousa, Mondubim, Fortaleza, CE, 60761515","Mondubim",208990,0,0,37,2,1,1,0,0,0,0,0,1,1,0,0,0,0,0,0,0,0,0,0,0
"Rua Mirtil Meyer, Mondubim, Fortaleza, CE, 60762080","Mondubim",209000,0,0,49,2,1,1,1,0,1,1,1,0,0,0,0,0,0,0,0,0,0,0,0,0
"Rua Júlio Alcides, Maraponga, Fortaleza, CE, 60710680","Maraponga",209000,200,0,47,2,1,1,0,0,1,1,1,0,1,1,1,0,0,1,0,1,1,0,0,0
"Rua Júlio Alcides, Maraponga, Fortaleza, CE, 60710680","Maraponga",209000,200,133,47,2,1,1,0,0,1,1,1,0,1,1,0,0,0,0,0,0,0,0,0,0
"Rua Júlio Alcides, Maraponga, Fortaleza, CE, 60710680","Maraponga",209000,200,30,47,2,1,1,0,0,0,0,0,0,0,0,0,0,0,0,0,0,0,0,0,0
"Rua Júlio Alcides, Maraponga, Fortaleza, CE, 60710680","Maraponga",209000,250,13,47,2,1,1,0,0,1,1,1,0,1,1,0,0,0,0,0,0,0,0,0,0
"Rua Sebastião de Abreu, Maraponga, Fortaleza, CE, 60710830","Maraponga",210000,0,0,65,3,2,1,0,0,0,0,0,0,1,0,0,0,0,0,0,0,0,0,0,0
"Rua Araújo Costa, Mondubim, Fortaleza, CE, 60711740","Mondubim",210000,0,0,66,2,2,1,0,0,0,0,1,0,0,0,0,0,0,0,0,0,0,0,0,0
"Rua Carlos Juaçaba - de 501/502 ao fim, Maraponga, Fortaleza, CE, 60710715","Maraponga",210000,200,400,44,2,1,1,0,1,1,1,0,0,0,0,0,0,0,0,0,0,0,0,0,0
"Rua Júlio Alcides, Maraponga, Fortaleza, CE, 60710680","Maraponga",210000,220,0,48,2,1,1,0,1,1,1,0,0,0,0,0,0,0,0,0,0,0,0,0,0
"Maraponga, Fortaleza, CE, 60711000, Maraponga","Maraponga",210000,220,80,45,2,1,1,0,1,1,1,0,0,0,0,0,0,0,0,0,0,0,0,0,0
"Rua Benjamim Brasil - de 2/3 ao fim, Mondubim, Fortaleza, CE, 60711442","Mondubim",210000,270,0,52,2,1,1,0,0,0,0,0,0,1,0,0,0,0,0,0,0,0,0,0,0
"Rua Sebastião de Abreu, Maraponga, Fortaleza, CE, 60710830","Maraponga",210000,3401,0,65,3,2,1,0,1,0,0,1,0,1,1,1,0,0,1,0,0,1,0,0,0
"Rua Sebastião de Abreu, Maraponga, Fortaleza, CE, 60710830","Maraponga",210000,331,0,65,3,2,NA,0,1,0,0,0,0,1,0,0,0,0,0,0,0,0,0,0,0
"Rua Francisco Mota, Mondubim, Fortaleza, CE, 60711532","Mondubim",210000,440,0,67,3,2,1,0,0,1,1,0,0,0,0,0,0,0,0,0,0,0,0,0,0
"Rua Dona Libânia Ribeiro de Melo Nunes, Mondubim, Fortaleza, CE, 60762145","Mondubim",214000,1,1,42,2,1,1,0,1,0,1,0,0,1,0,0,0,0,0,0,0,0,0,0,0
"Rua Cristiano Otoni, Mondubim, Fortaleza, CE, 60761420","Mondubim",214990,1,1,43,2,1,1,0,0,1,1,0,1,0,0,0,0,0,0,0,0,0,0,0,0
"Rua Carlos Juaçaba - de 501/502 ao fim, Maraponga, Fortaleza, CE, 60710715","Maraponga",215000,204,0,48,2,1,1,1,0,1,1,1,0,1,1,0,0,1,0,0,1,0,0,0,0
"Rua Cristiano Otoni, Mondubim, Fortaleza, CE, 60761420","Mondubim",215000,1,1,43,2,1,1,0,1,1,1,1,1,1,0,1,0,0,0,0,0,0,0,0,0
"Rua Sebastião de Abreu, Maraponga, Fortaleza, CE, 60710830","Maraponga",215000,331,0,65,3,2,1,0,1,0,0,0,1,1,0,0,0,1,0,0,0,0,0,0,0
"Rua Bélgica, Maraponga, Fortaleza, CE, 60710790","Maraponga",215000,500,NA,63,3,NA,2,0,0,1,0,0,0,0,0,0,0,0,0,1,0,0,0,0,0
"Rua Cristiano Otoni, Mondubim, Fortaleza, CE, 60761420","Mondubim",217990,0,0,37,2,1,1,0,0,0,0,0,1,1,0,0,0,0,0,0,0,0,0,0,0
"Rua Itália, Maraponga, Fortaleza, CE, 60710760","Maraponga",219000,0,0,45,2,1,1,0,0,0,0,0,0,0,0,0,0,0,0,0,0,0,0,0,0
"Avenida Godofredo Maciel - de 1283 a 2343 - lado ímpar, Maraponga, Fortaleza, CE, 60710903","Maraponga",219004,0,0,48,2,2,1,0,0,0,0,0,0,0,0,0,0,0,0,0,0,0,0,0,0
"Rua Itália, Maraponga, Fortaleza, CE, 60710760","Maraponga",219005,0,0,45,2,1,1,0,0,0,0,0,0,0,0,0,0,0,0,0,0,0,0,0,0
"Avenida Godofredo Maciel - de 1283 a 2343 - lado ímpar, Maraponga, Fortaleza, CE, 60710903","Maraponga",219007,0,0,48,2,2,1,0,0,0,0,0,0,0,0,0,0,0,0,0,0,0,0,0,0
"Avenida Godofredo Maciel - de 1283 a 2343 - lado ímpar, Maraponga, Fortaleza, CE, 60710903","Maraponga",219445,0,0,48,2,2,1,0,0,0,0,0,0,0,0,0,0,0,0,0,0,0,0,0,0
"Avenida Godofredo Maciel - de 1283 a 2343 - lado ímpar, Maraponga, Fortaleza, CE, 60710903","Maraponga",219555,0,0,48,2,2,1,0,0,0,0,0,0,0,0,0,0,0,0,0,0,0,0,0,0
"Avenida Godofredo Maciel - de 1283 a 2343 - lado ímpar, Maraponga, Fortaleza, CE, 60710903","Maraponga",219556,0,0,48,2,2,1,0,0,0,0,0,0,0,0,0,0,0,0,0,0,0,0,0,0
"Rua Antônio Divino, Mondubim, Fortaleza, CE, 60711540","Mondubim",219900,288,0,43,2,1,1,0,0,1,1,1,0,0,1,1,0,0,0,0,0,0,0,0,0
"Rua Emílio SáJardim Cearense, Fortaleza, CE, 60712045, Rua Emílio SáJardim Cearense","Jardim Cearense",219900,500,0,82,3,2,1,0,0,1,0,0,1,1,0,0,0,0,0,0,1,0,0,0,0
"Rua Benjamim Brasil - de 2/3 ao fim, Mondubim, Fortaleza, CE, 60711442","Mondubim",219995,290,NA,44,2,1,1,0,1,0,0,1,0,0,0,0,1,0,0,0,0,0,1,0,0
"Rua Coronel Jaime Rolemberg, Jardim Cearense, Fortaleza, CE, 60712175","Jardim Cearense",219999,0,0,50,2,1,1,0,0,0,1,0,0,0,0,0,0,0,0,0,0,0,0,0,0
"Rua Júlio Alcides, Maraponga, Fortaleza, CE, 60710680","Maraponga",220000,200,NA,45,2,1,1,0,1,0,1,1,0,0,1,1,1,0,1,0,0,1,0,0,0
"Rua Sebastião de Abreu, Maraponga, Fortaleza, CE, 60710830","Maraponga",220000,0,0,68,3,2,1,0,0,0,0,0,0,1,0,0,0,0,0,0,0,0,0,0,0
"Rua São Benedito, Maraponga, Fortaleza, CE, 60711250","Maraponga",220000,0,0,63,3,2,1,0,0,0,1,1,0,0,1,1,0,0,0,0,0,0,0,0,0
"Rua Mimosa Coelho, Maraponga, Fortaleza, CE, 60711020","Maraponga",220000,185,0,54,2,1,1,0,0,0,0,0,0,0,0,0,0,0,0,0,0,0,0,0,0
"Maraponga, Fortaleza, CE, 60711000, Maraponga","Maraponga",220000,200,0,48,2,1,1,0,0,1,1,0,0,0,0,0,0,0,0,0,0,0,0,0,0
"Maraponga, Fortaleza, CE, 60711000, Maraponga","Maraponga",220000,210,0,48,2,1,1,0,0,0,1,0,0,0,0,0,0,0,0,0,0,0,0,0,0
"Rua Carlos Juaçaba - de 501/502 ao fim, Maraponga, Fortaleza, CE, 60710715","Maraponga",220000,220,0,45,2,1,1,1,1,1,1,1,0,1,1,1,0,0,0,0,0,0,0,0,0
"Maraponga, Fortaleza, CE, 60711000, NA","Maraponga",220000,230,700,45,2,1,1,0,0,0,0,0,0,0,0,0,0,0,0,0,0,0,0,0,0
"Rua Antônio Divino, Mondubim, Fortaleza, CE, 60711540","Mondubim",220000,238,0,43,2,1,1,0,0,1,1,0,0,1,0,0,0,1,0,0,0,0,0,0,0
"Rua Antônio Divino, Mondubim, Fortaleza, CE, 60711540","Mondubim",220000,238,200,43,2,1,1,0,0,1,1,1,0,1,1,0,0,0,0,0,1,0,0,0,0
"Rua Coronel Manuel Albano, Mondubim, Fortaleza, CE, 60711465","Mondubim",220000,251,50,51,2,1,1,0,1,1,1,0,0,1,0,0,0,0,0,1,0,0,0,0,0
"Rua Vinícios de Morais - de 552/553 a 1210/1211Maraponga, Fortaleza, CE, 60711095, NA","Maraponga",220000,267,0,65,3,1,2,0,0,0,0,0,0,0,0,0,0,0,0,0,0,0,0,0,0
"Rua Antônio Divino, Mondubim, Fortaleza, CE, 60711540","Mondubim",220000,268,0,49,2,1,1,0,1,1,1,0,0,1,0,0,1,0,0,0,0,0,0,0,0
"Rua Antônio Divino, Mondubim, Fortaleza, CE, 60711540","Mondubim",220000,268,0,45,2,1,1,0,0,1,1,1,0,1,1,1,0,0,0,0,1,0,0,0,0
"Rua Vereadora Zélia Correia de Sousa, Mondubim, Fortaleza, CE, 60761515","Mondubim",220000,280,1,50,2,1,1,0,0,1,1,0,0,1,0,0,0,0,0,0,1,0,0,0,0
"Rua Antônio Divino, Mondubim, Fortaleza, CE, 60711540","Mondubim",220000,283,0,44,2,1,1,1,0,1,1,1,0,0,0,0,0,0,0,0,0,0,0,0,0
"Rua Joaquim Jerônimo, Mondubim, Fortaleza, CE, 60711520","Mondubim",220000,300,0,63,3,2,2,0,0,1,1,0,0,0,0,0,0,0,0,0,0,0,0,0,0
"Avenida Waldir Diogo, Novo Mondubim, Fortaleza, CE, 60764020","Mondubim",220000,360,1,86,3,2,1,0,0,1,1,1,0,1,0,0,0,0,0,0,0,0,0,0,0
"Rua Bélgica, Maraponga, Fortaleza, CE, 60710790","Maraponga",220000,500,247,63,3,2,2,1,1,0,0,1,0,1,0,0,0,0,0,0,0,0,0,0,0
"Rua Bélgica, Maraponga, Fortaleza, CE, 60710790","Maraponga",220000,500,61,54,2,2,1,0,0,1,0,0,0,0,1,0,1,0,0,1,0,0,0,0,0
"Rua Cristiano Otoni, Mondubim, Fortaleza, CE, 60761420","Mondubim",220990,0,0,40,2,1,NA,0,1,1,1,0,0,1,0,0,1,0,0,1,0,0,0,0,0
"Rua Wenefrido Melo, Mondubim, Fortaleza, CE, 60762410","Mondubim",221000,0,0,49,2,2,1,0,0,1,1,0,0,0,0,0,0,0,0,0,0,0,0,0,0
"Avenida Godofredo Maciel - de 1283 a 2343 - lado ímpar, Maraponga, Fortaleza, CE, 60710903","Maraponga",221000,NA,NA,50,2,2,1,0,0,0,0,0,0,0,0,0,0,0,0,0,0,0,0,0,0
"Rua Cristiano Otoni, Mondubim, Fortaleza, CE, 60761420","Mondubim",223990,0,0,37,2,1,1,0,1,1,1,0,1,1,0,0,0,0,0,1,0,0,0,0,0
"Rua Sebastião de Abreu, Maraponga, Fortaleza, CE, 60710830","Maraponga",225000,330,0,73,3,2,1,0,1,1,0,0,0,1,0,0,0,0,0,0,1,0,0,0,0
"Rua Joaquim Jerônimo, Mondubim, Fortaleza, CE, 60711520","Mondubim",225000,0,0,63,3,2,1,0,1,1,1,0,0,1,0,0,0,0,0,0,0,0,0,0,0
"Rua Antônio Divino, Mondubim, Fortaleza, CE, 60711540","Mondubim",225000,220,0,43,2,1,1,0,0,1,1,1,0,1,1,1,1,1,1,0,1,1,0,0,0
"Maraponga, Fortaleza, CE, 60711000, Maraponga","Maraponga",225000,220,80,45,2,1,1,0,1,1,1,0,0,1,0,0,0,0,0,0,0,0,0,0,0
"Rua Antônio Divino, Mondubim, Fortaleza, CE, 60711540","Mondubim",225000,283,0,44,2,1,1,0,0,1,1,1,0,1,1,0,1,0,0,0,1,0,0,0,0
"Mondubim, Fortaleza, CE, 60711520, Mondubim","Mondubim",225000,300,100,63,3,2,1,0,1,1,1,1,0,1,1,1,0,0,0,0,0,0,0,0,0
"Rua Vereadora Zélia Correia de Sousa, Mondubim, Fortaleza, CE, 60761515","Mondubim",226999,0,0,37,2,1,1,0,0,1,1,0,1,1,0,0,0,0,0,0,0,0,0,0,0
"Maraponga, Fortaleza, CE, 60710760, NA","Maraponga",229000,0,0,45,2,2,1,0,0,0,0,0,0,0,0,0,0,0,0,0,0,0,0,0,0
"Rua Itália, Maraponga, Fortaleza, CE, 60710760","Maraponga",229000,0,0,45,2,1,1,0,0,0,0,0,0,0,0,0,0,0,0,0,0,0,0,0,0
"Rua Itália, Maraponga, Fortaleza, CE, 60710760","Maraponga",229887,0,0,45,2,1,1,0,0,0,0,0,0,0,0,0,0,0,0,0,0,0,0,0,0
"Rua Antônio Divino, Mondubim, Fortaleza, CE, 60711540","Mondubim",229998,0,0,46,2,1,1,0,0,1,1,1,0,1,1,1,0,0,0,0,0,0,0,0,0
"Rua Itália, Maraponga, Fortaleza, CE, 60710760","Maraponga",229998,0,0,45,2,1,1,0,0,0,0,0,0,0,0,0,0,0,0,0,0,0,0,0,0
"Rua Itália, Maraponga, Fortaleza, CE, 60710760","Maraponga",229999,0,0,45,2,1,1,0,0,0,0,0,0,0,0,0,0,0,0,0,0,0,0,0,0
"Rua Cabral Veras, Mondubim, Fortaleza, CE, 60711530","Mondubim",230000,400,0,655,3,2,1,0,0,0,0,0,1,1,0,0,0,0,0,0,1,0,0,0,0
"Rua Bélgica, Maraponga, Fortaleza, CE, 60710790","Maraponga",230000,500,0,60,3,2,1,0,0,0,0,0,0,0,0,0,0,0,0,0,0,0,0,0,0
"Rua Antônio Divino, Mondubim, Fortaleza, CE, 60711540","Mondubim",230000,282,0,49,2,2,1,0,0,1,1,1,0,0,1,0,0,0,0,0,0,0,0,0,0
"Rua Sebastião de Abreu, Maraponga, Fortaleza, CE, 60710830","Maraponga",230000,331,0,65,3,2,1,0,0,0,0,0,0,1,0,0,0,0,0,0,1,0,0,0,0
"Rua Sebastião de Abreu, Maraponga, Fortaleza, CE, 60710830","Maraponga",230000,331,NA,65,3,2,1,0,1,0,0,1,0,1,1,1,0,0,1,0,0,1,0,0,0
"Rua Emílio SáJardim Cearense, Fortaleza, CE, 60712045, Rua Emílio SáJardim Cearense","Jardim Cearense",230000,NA,NA,74,3,2,1,0,1,0,0,1,1,0,0,1,1,0,1,0,1,0,0,0,0
"Rua Júlio Alcides, Maraponga, Fortaleza, CE, 60710680","Maraponga",235000,220,0,48,2,1,1,0,0,1,1,0,0,0,0,0,0,0,0,0,1,0,0,0,0
"Rua Itália, Maraponga, Fortaleza, CE, 60710760","Maraponga",235000,0,0,45,2,1,1,0,0,0,0,0,0,0,0,0,0,0,0,0,0,0,0,0,0
"Rua Joaquim Jerônimo, Mondubim, Fortaleza, CE, 60711520","Mondubim",235000,356,0,63,3,2,1,0,0,1,1,0,0,1,0,0,0,0,0,0,0,0,0,0,0
"Rua Joaquim Jerônimo, Mondubim, Fortaleza, CE, 60711520","Mondubim",235000,356,0,63,3,2,1,0,1,1,1,1,0,0,0,0,1,0,0,0,0,0,0,0,0
"Rua Joaquim Jerônimo, Mondubim, Fortaleza, CE, 60711520","Mondubim",235000,356,100,66,3,1,1,0,0,0,0,1,0,1,0,1,0,0,0,0,0,0,0,0,0
"Rua Joaquim Jerônimo, Mondubim, Fortaleza, CE, 60711520","Mondubim",235000,406,0,63,3,2,2,0,0,1,1,1,0,1,1,1,0,0,0,0,0,0,0,0,0
"Rua Joaquim Jerônimo, Mondubim, Fortaleza, CE, 60711520","Mondubim",235000,406,0,63,3,2,1,0,0,0,0,0,0,0,0,0,0,0,0,0,0,0,0,0,0
"Rua Joaquim Jerônimo, Mondubim, Fortaleza, CE, 60711520","Mondubim",235000,406,0,63,3,2,1,1,1,1,1,1,0,1,1,1,0,0,0,0,0,1,0,0,0
"Rua Joaquim Jerônimo, Mondubim, Fortaleza, CE, 60711520","Mondubim",235000,406,NA,63,3,2,1,0,1,1,1,1,0,1,1,1,1,0,0,1,0,0,0,0,0
"Rua Joaquim Jerônimo, Mondubim, Fortaleza, CE, 60711520","Mondubim",235000,450,100,66,3,2,1,0,0,0,0,1,0,1,0,1,0,0,0,0,0,0,0,0,0
"Rua General Onofre, Mondubim, Fortaleza, CE, 60762170","Mondubim",235000,480,NA,67,3,2,2,0,1,0,1,1,0,0,1,0,1,0,1,1,0,1,0,0,0
"Rua Cristiano Otoni, Mondubim, Fortaleza, CE, 60761420","Mondubim",235999,0,0,46,2,1,1,1,0,1,1,1,1,1,1,1,0,0,0,0,0,0,0,0,0
"Rua Sebastião de Abreu, Maraponga, Fortaleza, CE, 60710830","Maraponga",239000,250,0,70,3,2,1,0,0,0,0,1,0,0,0,0,0,0,0,0,1,0,0,0,0
"Avenida Godofredo Maciel - de 1282 a 3540 - lado par, Maraponga, Fortaleza, CE, 60710684","Maraponga",239000,NA,NA,49,2,2,1,1,0,0,1,1,1,1,1,1,1,0,0,1,0,0,0,0,0
"Rua Júlio Alcides, Maraponga, Fortaleza, CE, 60710680","Maraponga",239900,212,0,49,2,1,1,0,1,0,0,0,1,1,0,0,0,0,0,0,1,0,0,0,0
"Maraponga, Fortaleza, CE, 60711000, Maraponga","Maraponga",240000,0,0,48,2,1,1,0,1,1,1,0,0,0,0,0,0,0,0,0,0,0,0,0,0
"Rua Cristiano Otoni, Mondubim, Fortaleza, CE, 60761420","Mondubim",240000,0,0,43,2,1,1,0,0,1,1,1,1,1,1,1,0,0,0,0,0,0,0,0,0
"Rua Antônio Divino, Mondubim, Fortaleza, CE, 60711540","Mondubim",240000,283,0,48,2,2,1,0,0,1,1,1,0,1,1,0,1,0,0,0,0,0,0,0,0
"Rua Antônio Divino, Mondubim, Fortaleza, CE, 60711540","Mondubim",240000,288,0,50,2,2,1,0,0,1,1,0,0,0,0,0,0,0,0,0,0,0,0,0,0
"Rua Paurilo Barroso - até 731/732Jardim Cearense, Fortaleza, CE, 60712122, Rua Paurilo Barroso - até 731/732Jardim Cearense","Jardim Cearense",240000,300,0,62,3,2,NA,0,0,0,0,1,0,1,0,0,0,0,0,0,0,0,0,0,0
"Avenida Godofredo Maciel - de 1282 a 3540 - lado par, Maraponga, Fortaleza, CE, 60710902","Maraponga",240000,370,NA,65,3,2,2,1,1,0,0,1,0,1,1,1,1,0,1,1,0,0,0,0,0
"Rua Emílio SáJardim Cearense, Fortaleza, CE, 60712045, NA","Jardim Cearense",240000,400,0,73,3,2,1,0,0,0,0,0,0,0,0,0,0,0,0,0,0,0,0,0,0
"Rua Emílio SáJardim Cearense, Fortaleza, CE, 60712045, Rua Emílio SáJardim Cearense","Jardim Cearense",240000,400,1,76,3,2,1,0,0,0,0,1,0,1,1,0,0,0,0,0,0,0,0,0,0
"Rua Emílio SáJardim Cearense, Fortaleza, CE, 60712045, Rua Emílio SáJardim Cearense","Jardim Cearense",240000,500,0,64,3,3,1,1,0,1,1,1,1,1,1,1,0,0,0,0,0,0,0,0,0
"Rua Monte Líbano, Mondubim, Fortaleza, CE, 60762376","Mondubim",241990,NA,NA,40,2,1,1,0,1,0,1,1,1,1,1,1,1,0,0,1,0,0,0,0,0
"Mondubim, Fortaleza, CE, 60711520, Mondubim","Mondubim",244000,375,0,63,3,2,1,0,0,0,0,0,0,1,0,0,0,0,0,0,0,0,0,0,0
"Rua Holanda, Maraponga, Fortaleza, CE, 60711005","Maraponga",245000,200,0,44,2,1,1,0,1,0,1,1,0,1,1,0,0,0,0,0,0,0,0,0,0
"Rua Holanda, Maraponga, Fortaleza, CE, 60711005","Maraponga",245000,200,0,44,2,1,1,0,1,0,1,1,0,1,1,0,0,0,0,0,0,0,0,0,0
"Rua Júlio Alcides, Maraponga, Fortaleza, CE, 60710680","Maraponga",245000,212,1,49,2,1,1,0,0,1,1,0,0,1,0,0,0,0,0,0,0,0,0,0,0
"Rua Sebastião de Abreu, Maraponga, Fortaleza, CE, 60710830","Maraponga",249000,333,0,64,3,2,1,0,1,0,0,1,0,0,1,1,0,0,0,0,0,0,0,0,0
"Rua Joaquim Jerônimo, Mondubim, Fortaleza, CE, 60711520","Mondubim",249000,400,0,63,3,2,1,0,0,1,1,0,0,1,0,0,0,0,0,0,0,0,0,0,0
"Rua Benjamim Brasil - até 1081 - lado ímpar, Jardim Cearense, Fortaleza, CE, 60712003","Jardim Cearense",249900,330,0,57,3,3,1,0,0,0,0,1,0,1,0,0,0,0,0,0,1,0,0,0,0
"Rua Coronel Manuel Albano, Mondubim, Fortaleza, CE, 60711465","Mondubim",249900,380,0,65,3,2,2,0,1,0,0,0,1,1,0,0,0,0,0,0,1,0,0,0,0
"Rua Joaquim Jerônimo, Mondubim, Fortaleza, CE, 60711520","Mondubim",249900,400,0,65,3,2,1,0,1,0,0,1,0,1,0,0,0,0,0,0,0,0,0,0,0
"Avenida Godofredo Maciel - de 1283 a 2343 - lado ímpar, Maraponga, Fortaleza, CE, 60710683","Maraponga",250000,70,426,95,3,3,1,0,1,0,0,0,0,1,0,0,0,0,0,0,0,0,0,0,0
"Rua A (Cj Res Itaperi)Mondubim, Fortaleza, CE, 60761525, Rua A (Cj Res Itaperi)Mondubim","Mondubim",250000,0,0,43,2,1,1,0,0,1,1,0,1,1,0,0,0,0,0,0,0,0,0,0,0
"Rua Sebastião de Abreu, Maraponga, Fortaleza, CE, 60710830","Maraponga",250000,0,0,72,3,1,1,0,0,0,0,0,0,0,0,0,0,0,0,0,0,0,0,0,0
"Rua Emílio SáJardim Cearense, Fortaleza, CE, 60712045, Rua Emílio SáJardim Cearense","Jardim Cearense",250000,100,500,64,3,4,1,1,1,1,1,1,0,0,1,1,0,0,1,0,0,0,0,0,0
"Maraponga, Fortaleza, CE, 60711000, Maraponga","Maraponga",250000,220,0,48,2,1,1,0,0,1,1,0,0,0,0,0,0,0,0,0,0,0,0,0,0
"Rua Joaquim Jerônimo, Mondubim, Fortaleza, CE, 60711520","Mondubim",250000,300,1,65,2,1,1,0,1,0,0,1,0,1,1,1,0,0,1,0,0,1,0,0,0
"Rua Sebastião de Abreu, Maraponga, Fortaleza, CE, 60710830","Maraponga",250000,333,0,65,3,2,NA,0,0,0,0,0,0,0,0,0,0,0,0,0,0,0,0,0,0
"Rua Joaquim Jerônimo, Mondubim, Fortaleza, CE, 60711520","Mondubim",250000,375,1000,65,3,2,1,0,0,1,1,0,0,1,0,0,0,0,0,0,0,0,0,0,0
"Rua Joaquim Jerônimo, Mondubim, Fortaleza, CE, 60711520","Mondubim",250000,400,0,72,3,1,1,0,0,1,1,1,0,1,1,1,0,0,0,0,0,0,0,0,0
"Rua Monte Líbano, Mondubim, Fortaleza, CE, 60762376","Mondubim",250000,424,NA,66,3,2,2,0,1,0,1,1,0,1,1,1,1,0,0,1,0,0,0,0,0
"Rua Joaquim Jerônimo, Mondubim, Fortaleza, CE, 60711520","Mondubim",250000,430,0,63,3,2,1,0,0,1,1,0,0,1,0,0,0,0,0,0,0,0,0,0,0
"Rua Maria Josefina Pessoa, Jardim Cearense, Fortaleza, CE, 60712055","Jardim Cearense",250000,500,0,80,3,3,1,0,0,1,1,0,1,0,0,0,0,0,0,0,0,0,0,0,0
"Rua Emílio SáJardim Cearense, Fortaleza, CE, 60712045, Rua Emílio SáJardim Cearense","Jardim Cearense",250000,500,NA,64,3,3,1,0,1,0,1,1,1,1,1,1,1,0,0,1,0,0,0,0,0
"Avenida Godofredo Maciel - de 1283 a 2343 - lado ímpar, Maraponga, Fortaleza, CE, 60710683","Maraponga",250000,70,0,94,3,3,1,0,1,0,0,0,0,1,0,0,0,0,0,0,0,0,0,0,0
"Rua Cristiano Otoni, Mondubim, Fortaleza, CE, 60761420","Mondubim",252990,0,0,40,2,1,1,0,0,1,1,0,0,1,0,0,1,0,0,0,0,0,0,0,0
"Rua Carlos Juaçaba - de 501/502 ao fim, Maraponga, Fortaleza, CE, 60710715","Maraponga",255000,220,0,44,2,1,1,0,0,1,1,0,0,1,0,0,0,0,0,0,0,0,0,0,0
"Rua Joaquim Jerônimo, Mondubim, Fortaleza, CE, 60711520","Mondubim",255000,0,0,62,3,2,1,0,0,1,0,1,0,0,0,1,0,0,0,0,0,0,0,0,0
"Rua Cristiano Otoni, Mondubim, Fortaleza, CE, 60761420","Mondubim",255000,1,1,38,2,1,1,0,0,1,1,1,1,1,1,1,0,0,0,1,0,0,0,0,0
"Rua Joaquim Jerônimo, Mondubim, Fortaleza, CE, 60711520","Mondubim",255000,400,0,65,3,2,1,0,0,0,0,1,0,1,0,0,0,0,0,0,0,0,0,0,0
"Rua Cristiano Otoni, Mondubim, Fortaleza, CE, 60761420","Mondubim",257990,0,0,40,2,1,NA,0,0,1,1,0,0,0,0,0,0,0,0,0,0,0,0,0,0
"Rua Emílio SáJardim Cearense, Fortaleza, CE, 60712045, Rua Emílio SáJardim Cearense","Jardim Cearense",259000,0,0,64,3,3,1,0,1,0,0,0,1,1,0,0,0,0,0,0,0,0,0,0,0
"Rua Francisco Glicério - até 1468/1469Maraponga, Fortaleza, CE, 60711055, Rua Francisco Glicério - até 1468/1469Maraponga","Maraponga",259900,430,0,63,3,2,2,0,0,0,0,0,0,1,0,0,0,0,0,0,1,0,0,0,0
"Rua Paurilo Barroso - até 731/732Jardim Cearense, Fortaleza, CE, 60712122, Rua Paurilo Barroso - até 731/732Jardim Cearense","Jardim Cearense",259900,453,0,70,3,2,2,0,1,0,0,0,1,1,0,0,0,0,0,0,0,0,0,0,0
"Rua Joaquim Jerônimo, Mondubim, Fortaleza, CE, 60711520","Mondubim",260000,250,1,60,3,2,1,0,0,1,1,1,0,1,1,0,0,0,0,0,0,0,0,0,0
"Rua Holanda, Maraponga, Fortaleza, CE, 60711005","Maraponga",260000,220,0,44,2,1,1,0,0,0,0,0,1,0,0,0,0,0,0,0,1,0,0,0,0
"Rua Joaquim Jerônimo, Mondubim, Fortaleza, CE, 60711520","Mondubim",260000,250,13,58,2,2,1,0,0,1,1,1,0,1,1,0,0,0,0,0,0,0,0,0,0
"Rua Joaquim Jerônimo, Mondubim, Fortaleza, CE, 60711520","Mondubim",260000,250,1,58,3,2,1,0,0,0,1,1,0,1,1,0,0,1,0,0,0,0,0,0,0
"Rua Joaquim Jerônimo, Mondubim, Fortaleza, CE, 60711520","Mondubim",260000,280,16,58,3,2,1,0,0,1,1,1,0,1,1,0,0,0,0,0,0,0,0,0,0
"Rua Sebastião de Abreu, Maraponga, Fortaleza, CE, 60710830","Maraponga",260000,331,NA,80,3,2,1,0,1,0,0,1,0,1,1,1,0,0,1,0,0,0,0,0,0
"Rua Sebastião de Abreu, Maraponga, Fortaleza, CE, 60710830","Maraponga",260000,333,0,65,3,2,1,0,0,0,0,0,0,1,0,0,0,0,0,0,0,0,0,0,0
"Rua Joaquim Jerônimo, Mondubim, Fortaleza, CE, 60711520","Mondubim",260000,350,1,58,3,2,1,0,0,1,1,1,0,1,1,0,0,0,0,0,0,0,0,0,0
"Rua Paurilo Barroso - até 731/732Jardim Cearense, Fortaleza, CE, 60712122, Rua Paurilo Barroso - até 731/732Jardim Cearense","Jardim Cearense",260000,400,0,65,3,2,2,0,1,1,1,1,0,1,0,0,0,0,1,0,0,1,0,0,0
"Rua Paurilo Barroso - até 731/732Jardim Cearense, Fortaleza, CE, 60712122, Rua Paurilo Barroso - até 731/732Jardim Cearense","Jardim Cearense",260000,480,0,68,3,2,2,0,1,1,1,0,0,1,0,0,0,0,1,0,0,0,0,0,0
"Rua Maria Josefina Pessoa, Jardim Cearense, Fortaleza, CE, 60712055","Jardim Cearense",260000,500,0,80,3,3,2,0,0,1,1,0,0,0,0,0,0,0,0,0,0,0,0,0,0
"Rua Bélgica, Maraponga, Fortaleza, CE, 60710790","Maraponga",260000,500,0,65,3,2,2,0,1,0,0,0,0,1,0,0,0,0,0,0,0,0,0,0,0
"Rua Emílio SáJardim Cearense, Fortaleza, CE, 60712045, Rua Emílio SáJardim Cearense","Jardim Cearense",260000,500,50,80,3,NA,2,1,0,1,1,0,1,0,1,0,1,0,0,1,0,0,0,0,0
"Rua Sebastião de Abreu, Maraponga, Fortaleza, CE, 60710830","Maraponga",265000,330,0,68,3,2,1,0,0,0,0,1,0,1,0,1,0,1,0,0,1,0,0,0,0
"Rua Emílio SáJardim Cearense, Fortaleza, CE, 60712045, Rua Emílio SáJardim Cearense","Jardim Cearense",265000,550,90,65,3,3,1,0,1,0,0,1,0,0,0,0,0,0,0,1,0,0,0,0,0
"Avenida Godofredo Maciel - de 1282 a 3540 - lado par, Maraponga, Fortaleza, CE, 60710684","Maraponga",268000,350,0,104,3,2,1,0,0,0,0,1,0,1,0,0,0,0,0,1,0,0,0,0,0
"Rua Joaquim Jerônimo, Mondubim, Fortaleza, CE, 60711520","Mondubim",269900,260,150,58,3,2,1,0,0,0,0,0,0,0,0,0,0,0,0,0,0,0,0,0,0
"Rua Sebastião de Abreu, Maraponga, Fortaleza, CE, 60710830","Maraponga",270000,400,0,68,3,2,1,0,0,0,0,1,0,1,0,1,0,1,1,0,1,0,0,0,0
"Rua Joaquim Jerônimo, Mondubim, Fortaleza, CE, 60711520","Mondubim",270000,250,200,58,3,2,1,0,0,0,0,0,0,0,0,0,0,0,0,0,0,0,0,0,0
"Rua Joaquim Jerônimo, Mondubim, Fortaleza, CE, 60711520","Mondubim",270000,250,300,58,3,2,1,0,0,0,0,0,0,0,0,0,0,0,0,0,0,0,0,0,0
"Rua Sebastião de Abreu, Maraponga, Fortaleza, CE, 60710830","Maraponga",270000,331,0,65,3,2,NA,0,1,1,0,0,0,1,0,0,0,0,0,0,0,0,0,0,0
"Rua Coronel Manuel Albano, Mondubim, Fortaleza, CE, 60711465","Mondubim",270000,340,40,60,3,2,2,0,0,0,0,0,0,0,1,0,0,0,0,0,0,0,0,0,0
"Rua Emílio SáJardim Cearense, Fortaleza, CE, 60712045, Rua Emílio SáJardim Cearense","Jardim Cearense",270000,500,80,64,3,1,1,0,0,1,1,1,1,1,1,1,0,0,0,0,0,0,0,0,0
"Rua Paurilo Barroso - de 733/734 ao fim, Mondubim, Fortaleza, CE, 60711485","Mondubim",270000,513,414,62,2,1,1,0,0,0,0,0,0,0,1,0,0,0,0,0,0,0,0,0,0
"Avenida Godofredo Maciel - de 1283 a 2343 - lado ímpar, Maraponga, Fortaleza, CE, 60710903","Maraponga",275000,500,432,74,3,1,1,0,0,0,0,0,0,0,0,0,0,0,0,0,0,0,0,0,0
"Rua Sebastião de Abreu, Maraponga, Fortaleza, CE, 60710830","Maraponga",280000,333,0,64,3,2,1,0,0,0,0,0,0,0,0,0,0,0,0,0,0,0,0,0,0
"Rua Sebastião de Abreu, Maraponga, Fortaleza, CE, 60710830","Maraponga",280000,333,NA,67,3,2,1,0,0,0,0,1,0,1,1,1,1,1,1,0,1,1,0,0,0
"Rua Rúbens Monte, Jardim Cearense, Fortaleza, CE, 60712025","Jardim Cearense",280000,388,0,56,2,2,1,1,0,1,1,1,1,1,1,1,0,1,0,0,0,0,0,0,0
"Rua Emílio SáJardim Cearense, Fortaleza, CE, 60712045, Rua Emílio SáJardim Cearense","Jardim Cearense",280000,500,0,64,3,3,NA,0,0,1,1,0,0,0,0,0,0,0,0,0,0,0,0,0,0
"Rua Emílio SáJardim Cearense, Fortaleza, CE, 60712045, Rua Emílio SáJardim Cearense","Jardim Cearense",280000,550,90,64,3,3,1,0,0,1,1,0,1,0,0,0,0,0,0,0,0,0,0,0,0
"Rua Emílio SáJardim Cearense, Fortaleza, CE, 60712045, Rua Emílio SáJardim Cearense","Jardim Cearense",280000,550,90,64,3,3,1,0,1,1,1,0,1,0,0,0,0,0,0,0,1,0,0,0,0
"Rua Emílio SáJardim Cearense, Fortaleza, CE, 60712045, Rua Emílio SáJardim Cearense","Jardim Cearense",280000,550,990,64,3,3,1,0,1,0,0,0,0,0,1,0,0,0,0,0,0,0,0,0,0
"Rua Castro Meireles, Mondubim, Fortaleza, CE, 60711475","Mondubim",295000,350,0,98,3,2,2,0,1,0,0,0,0,0,0,0,0,0,0,0,0,0,0,0,0
"Rua Paurilo Barroso - até 731/732Jardim Cearense, Fortaleza, CE, 60712122, Rua Paurilo Barroso - até 731/732Jardim Cearense","Jardim Cearense",299000,0,0,60,3,2,1,0,1,1,1,0,0,0,0,0,0,0,0,0,0,0,0,0,0
"Rua Mirtil Meyer, Mondubim, Fortaleza, CE, 60762080","Mondubim",3300000,0,0,49,2,2,1,0,0,0,0,0,0,0,0,0,0,0,0,0,0,0,0,0,0
"Via Coletora A (Lot São Mateus I)Mondubim, Fortaleza, CE, 60768010, Via Coletora A (Lot São Mateus I)Mondubim","Mondubim",30000,200,300,44,2,1,1,0,0,1,0,1,0,1,1,1,0,0,0,0,1,0,0,0,0
"Avenida Godofredo Maciel - de 1283 a 2343 - lado ímpar, Maraponga, Fortaleza, CE, 60710683","Maraponga",3e+05,0,0,95,3,2,1,0,1,0,0,1,0,1,0,0,0,0,0,0,0,0,0,0,0
"Rua Dom Oscar Romero, Mondubim, Fortaleza, CE, 60762010","Mondubim",3e+05,0,0,49,2,2,1,1,0,1,1,1,0,1,1,1,0,0,0,0,0,0,0,0,0
"Rua Mirtil Meyer, Mondubim, Fortaleza, CE, 60762080","Mondubim",3e+05,320,0,50,2,1,1,1,0,1,1,1,1,0,1,0,0,0,0,0,0,0,0,0,0
"Rua Mirtil Meyer, Mondubim, Fortaleza, CE, 60762080","Mondubim",3e+05,320,70,50,2,2,1,1,0,1,1,0,0,0,1,0,0,0,0,0,0,0,0,0,0
"Rua Rúbens Monte, Jardim Cearense, Fortaleza, CE, 60712025","Jardim Cearense",3e+05,415,NA,54,2,2,2,1,0,0,1,1,1,1,1,1,1,0,1,1,0,1,0,0,0
"Rua Coronel Manuel Albano, Mondubim, Fortaleza, CE, 60711465","Mondubim",3e+05,470,15,65,3,2,1,0,0,1,1,1,1,1,1,0,0,0,0,0,0,0,0,0,0
"Rua Francisco Glicério - até 1468/1469Maraponga, Fortaleza, CE, 60711055, Rua Francisco Glicério - até 1468/1469Maraponga","Maraponga",3e+05,5400,0,73,3,3,2,0,0,1,1,0,0,0,0,0,0,0,0,0,0,0,0,0,0
"Rua Doutor Rodrigo Codes Sandoval, Mondubim, Fortaleza, CE, 60711455","Mondubim",305000,380,800,55,2,2,1,0,0,1,1,1,1,1,0,0,0,0,0,0,0,0,0,0,0
"Rua Doutor Rodrigo Codes Sandoval, Mondubim, Fortaleza, CE, 60711455","Mondubim",305000,381,0,55,2,2,1,0,0,1,1,0,0,0,0,0,0,0,0,1,0,0,0,0,0
"Via Coletora A (Lot São Mateus I)Mondubim, Fortaleza, CE, 60768010, Via Coletora A (Lot São Mateus I)Mondubim","Mondubim",31000,200,150,44,2,1,1,0,0,1,0,1,0,1,1,0,0,0,0,0,0,0,0,0,0
"Mondubim, Fortaleza, CE, 60768010, Mondubim","Mondubim",31000,200,300,44,2,1,1,0,0,1,0,1,0,1,1,1,0,0,0,0,1,0,0,0,0
"Via Coletora A (Lot São Mateus I)Mondubim, Fortaleza, CE, 60768010, Via Coletora A (Lot São Mateus I)Mondubim","Mondubim",31000,200,300,44,2,1,1,0,0,1,0,1,0,1,1,1,0,0,0,0,1,0,0,0,0
"Rua Rúbens Monte, Jardim Cearense, Fortaleza, CE, 60712025","Jardim Cearense",310000,0,0,54,2,2,1,1,0,1,1,0,1,1,1,0,0,0,0,0,1,0,0,0,0
"Avenida Godofredo Maciel - de 1282 a 3540 - lado par, Maraponga, Fortaleza, CE, 60710684","Maraponga",310000,0,0,45,2,2,2,0,1,1,1,0,0,0,0,0,0,0,0,1,0,0,0,0,0
"Rua Bélgica, Maraponga, Fortaleza, CE, 60710790","Maraponga",310000,350,0,49,2,2,1,1,0,1,1,1,1,1,1,1,0,0,0,0,0,0,0,0,0
"Rua Júlio Alcides, Maraponga, Fortaleza, CE, 60710680","Maraponga",310910,NA,NA,60,3,2,2,1,0,0,1,1,1,1,1,1,1,0,0,0,0,0,0,0,0
"Via Coletora A (Lot São Mateus I)Mondubim, Fortaleza, CE, 60768010, Via Coletora A (Lot São Mateus I)Mondubim","Mondubim",32000,200,250,44,2,1,1,0,0,1,0,1,0,1,1,0,0,0,0,0,0,0,0,0,0
"Rua Sebastião de Abreu, Maraponga, Fortaleza, CE, 60710830","Maraponga",320000,331,0,65,3,2,1,0,0,1,0,0,0,1,0,0,0,0,0,0,0,0,0,0,0
"Rua Doutor Rodrigo Codes Sandoval, Mondubim, Fortaleza, CE, 60711455","Mondubim",320000,470,0,54,3,2,1,0,0,1,1,0,0,0,0,0,0,0,0,0,0,0,0,0,0
"Rua Rúbens Monte, Jardim Cearense, Fortaleza, CE, 60712025","Jardim Cearense",320000,574,0,63,3,2,1,1,0,1,1,1,1,1,1,1,0,0,0,0,0,0,0,0,0
"Rua Mirtil Meyer, Mondubim, Fortaleza, CE, 60762080","Mondubim",325000,0,0,52,2,2,1,1,0,1,1,1,1,1,1,1,0,0,0,0,0,0,0,0,0
"Rua Florêncio Coelho Holanda, Maraponga, Fortaleza, CE, 60711220","Maraponga",325000,460,0,68,3,2,1,0,0,1,1,0,1,0,1,0,0,0,0,0,1,0,0,0,0
"Rua Florêncio Coelho Holanda, Maraponga, Fortaleza, CE, 60711220","Maraponga",325000,460,NA,68,3,2,1,1,1,0,1,1,1,1,1,1,1,0,0,1,0,0,0,0,0
"Rua Mirtil Meyer, Mondubim, Fortaleza, CE, 60762080","Mondubim",328999,320,0,50,2,2,1,1,0,1,1,1,1,1,1,1,0,0,0,1,0,0,0,0,0
"Avenida Godofredo Maciel - de 3542 ao fim  - lado par, Mondubim, Fortaleza, CE, 60711502","Mondubim",329000,350,0,49,2,2,1,1,0,1,1,1,1,1,1,1,0,0,0,0,0,0,0,0,0
"Rua Mirtil Meyer, Mondubim, Fortaleza, CE, 60762080","Mondubim",329000,0,0,50,2,2,1,1,1,1,0,1,1,1,1,1,0,0,0,1,0,0,0,0,0
"Rua Moreira da Rocha, Mondubim, Fortaleza, CE, 60762370","Mondubim",329000,250,300,50,2,2,1,0,0,1,1,1,1,1,1,1,0,0,0,0,1,0,0,0,0
"Rua Moreira da Rocha, Mondubim, Fortaleza, CE, 60762370","Mondubim",329000,300,100,50,2,1,1,0,0,0,0,0,0,0,0,0,0,0,0,0,0,0,0,0,0
"Mondubim, Fortaleza, CE, 60762370, NA","Mondubim",329000,350,150,50,2,2,1,0,0,0,0,0,0,0,0,0,0,0,0,0,0,0,0,0,0
"Rua Florêncio Coelho Holanda, Maraponga, Fortaleza, CE, 60711220","Maraponga",329000,400,0,72,3,2,1,0,0,1,1,0,0,0,0,0,0,0,0,0,0,0,0,0,0
"Rua Florêncio Coelho Holanda, Maraponga, Fortaleza, CE, 60711220","Maraponga",329000,460,0,68,3,3,1,0,1,1,0,0,1,1,0,0,0,0,0,1,1,0,0,0,0
"Rua Florêncio Coelho Holanda, Maraponga, Fortaleza, CE, 60711220","Maraponga",329000,460,0,68,3,2,1,0,1,1,1,0,1,0,0,0,0,0,0,0,0,0,0,0,0
"Rua Mirtil Meyer, Mondubim, Fortaleza, CE, 60762080","Mondubim",329000,NA,NA,52,2,2,1,1,1,1,1,1,1,1,1,1,1,0,0,1,0,0,0,0,0
"Rua Mirtil Meyer, Mondubim, Fortaleza, CE, 60762080","Mondubim",330000,320,0,50,2,2,1,1,0,1,1,1,1,1,0,1,0,0,0,0,0,0,0,0,0
"Rua Florêncio Coelho Holanda, Maraponga, Fortaleza, CE, 60711220","Maraponga",340000,460,580,68,3,3,1,1,1,1,1,1,1,0,0,0,0,0,0,0,0,0,0,0,0
"Rua Florêncio Coelho Holanda, Maraponga, Fortaleza, CE, 60711220","Maraponga",345000,460,NA,68,3,2,1,1,1,1,1,1,1,0,1,1,1,0,0,1,0,0,0,0,0
"Rua Florêncio Coelho Holanda, Maraponga, Fortaleza, CE, 60711220","Maraponga",345000,428,50,68,3,2,1,0,1,1,1,0,1,1,0,0,0,0,0,1,0,0,0,0,0
"Rua Florêncio Coelho Holanda, Maraponga, Fortaleza, CE, 60711220","Maraponga",345000,460,0,68,3,2,1,0,0,1,1,1,1,1,0,0,0,0,0,0,0,0,0,0,0
"Rua Florêncio Coelho Holanda, Maraponga, Fortaleza, CE, 60711220","Maraponga",345000,0,0,68,3,2,1,0,1,1,1,0,1,0,0,0,0,0,0,0,0,0,0,0,0
"Rua Rúbens Monte, Jardim Cearense, Fortaleza, CE, 60712025","Jardim Cearense",345000,355,457,54,2,1,2,0,1,1,1,0,1,1,1,0,1,0,0,1,1,0,0,0,0
"Rua Florêncio Coelho Holanda, Maraponga, Fortaleza, CE, 60711220","Maraponga",345000,460,0,68,3,2,1,1,0,1,1,1,1,1,1,1,0,0,0,0,0,0,0,0,0
"Rua Florêncio Coelho Holanda, Maraponga, Fortaleza, CE, 60711220","Maraponga",345050,460,NA,68,3,2,1,0,1,0,0,0,0,0,0,0,0,0,0,1,0,0,0,0,0
"Rua Joaquim Jerônimo, Mondubim, Fortaleza, CE, 60711520","Mondubim",347000,300,0,63,3,2,1,0,0,1,1,0,0,0,0,0,0,1,0,0,0,0,0,0,0
"Rua Doutor Rodrigo Codes Sandoval, Mondubim, Fortaleza, CE, 60711455","Mondubim",350000,348,0,55,3,1,2,1,0,1,1,1,1,1,1,0,0,0,0,1,0,0,0,0,0
"Rua Francisco Glicério - até 1468/1469Maraponga, Fortaleza, CE, 60711055, Rua Francisco Glicério - até 1468/1469Maraponga","Maraponga",350000,0,0,90,3,2,2,1,1,1,1,1,1,0,1,0,0,1,0,0,0,0,0,0,0
"Rua Doutor Rodrigo Codes Sandoval, Mondubim, Fortaleza, CE, 60711455","Mondubim",350000,393,756,66,3,2,1,0,1,1,1,1,1,0,0,0,1,0,0,0,0,0,0,0,0
"Rua Doutor Rodrigo Codes Sandoval, Mondubim, Fortaleza, CE, 60711455","Mondubim",350000,400,0,56,3,2,1,0,1,0,1,1,1,0,0,0,0,0,0,0,1,0,0,0,0
"Rua Doutor Rodrigo Codes Sandoval, Mondubim, Fortaleza, CE, 60711455","Mondubim",350000,400,85,56,3,2,1,1,0,1,1,1,1,1,1,1,0,0,0,0,1,0,0,0,0
"Rua Rúbens Monte, Jardim Cearense, Fortaleza, CE, 60712025","Jardim Cearense",353663,0,0,73,3,1,NA,0,1,0,1,0,0,0,1,0,0,0,0,0,0,0,0,0,0
"Rua Florêncio Coelho Holanda, Maraponga, Fortaleza, CE, 60711220","Maraponga",355000,460,0,68,3,3,1,0,0,1,1,0,1,1,0,0,0,0,0,1,0,0,0,0,0
"Rua Rúbens Monte, Jardim Cearense, Fortaleza, CE, 60712025","Jardim Cearense",360000,399,1,63,3,2,1,0,1,1,1,0,0,1,0,0,0,0,0,0,0,0,0,0,0
"Rua Rúbens Monte, Jardim Cearense, Fortaleza, CE, 60712025","Jardim Cearense",360000,0,0,73,3,2,2,0,1,1,1,0,1,1,0,0,0,0,0,0,0,0,0,0,0
"Rua Benjamim Brasil - até 1081 - lado ímpar, Jardim Cearense, Fortaleza, CE, 60712003","Jardim Cearense",360736,0,0,72,3,2,2,0,0,1,1,0,0,0,1,0,0,0,0,0,0,0,0,0,0
"Rua Rúbens Monte, Jardim Cearense, Fortaleza, CE, 60712025","Jardim Cearense",360737,0,0,73,3,2,2,0,0,1,1,0,1,1,0,0,0,0,0,1,0,0,0,0,0
"Rua Rúbens Monte, Jardim Cearense, Fortaleza, CE, 60712025","Jardim Cearense",360737,0,0,73,3,1,NA,0,0,0,0,0,0,0,0,0,0,0,0,0,0,0,0,0,0
"Rua Rúbens Monte, Jardim Cearense, Fortaleza, CE, 60712025","Jardim Cearense",365000,1,1,72,3,2,2,0,1,1,1,1,1,1,1,1,0,0,0,1,0,0,0,0,0
"Rua Rúbens Monte, Jardim Cearense, Fortaleza, CE, 60712025","Jardim Cearense",370000,0,0,72,3,2,2,0,0,0,0,0,0,0,0,0,0,0,0,0,0,0,0,0,0
"Rua Doutor Rodrigo Codes Sandoval, Mondubim, Fortaleza, CE, 60711455","Mondubim",370000,307,561,55,3,2,1,0,0,0,0,0,0,0,0,0,0,0,0,0,0,0,0,0,0
"Rua Doutor Rodrigo Codes Sandoval, Mondubim, Fortaleza, CE, 60711455","Mondubim",370000,320,850,66,3,2,1,0,1,1,1,1,1,0,0,0,0,0,0,0,0,0,0,0,0
"Rua Doutor Rodrigo Codes Sandoval, Mondubim, Fortaleza, CE, 60711455","Mondubim",370000,350,0,66,3,2,1,0,0,1,1,0,1,1,0,0,0,0,0,1,0,0,0,0,0
"Rua Rúbens Monte, Jardim Cearense, Fortaleza, CE, 60712025","Jardim Cearense",371347,0,0,73,3,2,2,1,0,1,1,0,1,0,0,0,0,0,0,0,0,0,0,0,0
"Rua Doutor Rodrigo Codes Sandoval, Mondubim, Fortaleza, CE, 60711455","Mondubim",375000,0,0,66,3,2,1,0,0,0,0,0,0,0,0,0,0,0,0,0,0,0,0,0,0
"Rua Doutor Rodrigo Codes Sandoval, Mondubim, Fortaleza, CE, 60711455","Mondubim",375000,393,756,66,3,2,1,0,1,1,1,0,1,0,0,0,0,0,0,0,0,0,0,0,0
"Rua Doutor Rodrigo Codes Sandoval, Mondubim, Fortaleza, CE, 60711455","Mondubim",375000,400,100,67,3,2,1,0,0,0,0,0,0,0,0,0,0,0,0,0,0,0,0,0,0
"Rua Doutor Rodrigo Codes Sandoval, Mondubim, Fortaleza, CE, 60711455","Mondubim",375000,440,0,66,3,2,1,1,1,0,1,0,1,1,1,0,0,0,0,1,0,0,0,0,0
"Rua Doutor Rodrigo Codes Sandoval, Mondubim, Fortaleza, CE, 60711455","Mondubim",375000,443,0,66,3,2,1,0,1,1,1,1,1,1,1,1,0,1,1,1,0,0,0,0,0
"Rua Clemente e Silva, Mondubim, Fortaleza, CE, 60711445","Mondubim",375000,443,0,66,3,2,2,0,1,0,0,0,1,1,0,0,0,0,0,0,0,0,0,0,0
"Rua Doutor Rodrigo Codes Sandoval, Mondubim, Fortaleza, CE, 60711455","Mondubim",375000,443,600,66,3,2,NA,1,0,1,1,1,1,0,0,1,0,0,0,0,0,0,0,0,0
"Rua Doutor Rodrigo Codes Sandoval, Mondubim, Fortaleza, CE, 60711455","Mondubim",375000,443,NA,66,3,2,1,1,1,0,1,1,1,1,1,1,1,0,0,1,0,0,0,0,0
"Rua Rúbens Monte, Jardim Cearense, Fortaleza, CE, 60712025","Jardim Cearense",378147,0,0,72,3,2,2,1,0,1,1,1,1,1,1,0,0,0,0,0,1,0,0,0,0
"Rua Doutor Rodrigo Codes Sandoval, Mondubim, Fortaleza, CE, 60711455","Mondubim",380000,0,0,66,3,2,NA,0,0,0,0,0,0,0,0,0,0,0,0,0,0,0,0,0,0
"Rua Rúbens Monte, Jardim Cearense, Fortaleza, CE, 60712025","Jardim Cearense",385000,399,NA,64,3,2,1,0,1,0,0,1,0,0,0,0,1,0,0,0,0,0,1,1,0
"Rua Rúbens Monte, Jardim Cearense, Fortaleza, CE, 60712025","Jardim Cearense",385000,399,900,68,3,1,2,1,0,1,1,1,1,1,1,1,0,0,0,0,1,0,0,0,0
"Rua Florêncio Coelho Holanda, Maraponga, Fortaleza, CE, 60711220","Maraponga",385000,478,1099,71,3,2,2,1,1,1,1,1,1,0,0,0,0,0,0,0,0,0,0,0,0
"Rua Doutor Paulo de Mello Machado, Jardim Cearense, Fortaleza, CE, 60712130","Jardim Cearense",390000,0,100,90,3,4,3,0,0,0,0,0,0,1,0,0,0,0,0,0,0,0,0,0,0
"Rua Rúbens Monte, Jardim Cearense, Fortaleza, CE, 60712025","Jardim Cearense",390000,1,1,73,3,3,2,0,1,1,1,0,1,1,0,0,0,0,0,0,1,0,0,0,0
"Rua Mirtil Meyer, Mondubim, Fortaleza, CE, 60762080","Mondubim",399000,430,70,63,3,2,1,0,1,1,1,1,1,0,0,0,0,0,0,0,0,0,0,0,0
"Rua Doutor Rodrigo Codes Sandoval, Mondubim, Fortaleza, CE, 60711455","Mondubim",399990,410,0,66,3,2,1,0,0,1,1,1,1,1,0,0,0,0,0,0,1,0,0,0,0
"Rua Benjamim Brasil - até 1081 - lado ímpar, Jardim Cearense, Fortaleza, CE, 60712003","Jardim Cearense",4e+05,NA,NA,72,3,NA,2,1,0,0,1,1,1,1,1,1,1,0,0,0,0,0,0,0,0
"Rua Rúbens Monte, Jardim Cearense, Fortaleza, CE, 60712025","Jardim Cearense",4e+05,NA,NA,726,3,2,2,0,0,0,0,0,0,0,0,0,0,0,0,0,0,0,0,0,0
"Rua Mirtil Meyer, Mondubim, Fortaleza, CE, 60762080","Mondubim",410000,1,1,68,3,2,1,0,1,1,1,1,1,1,1,1,0,0,0,1,0,1,0,0,0
"Rua Mirtil Meyer, Mondubim, Fortaleza, CE, 60762080","Mondubim",410000,420,0,63,3,2,1,1,0,1,1,1,1,0,1,1,0,0,0,0,0,0,0,0,0
"Rua Mirtil Meyer, Mondubim, Fortaleza, CE, 60762080","Mondubim",412000,420,0,63,3,2,1,1,0,1,1,1,1,1,1,1,0,0,0,0,0,0,0,0,0
"Rua Mirtil Meyer, Mondubim, Fortaleza, CE, 60762080","Mondubim",420000,435,1,63,3,2,1,1,0,0,1,1,1,1,1,1,0,1,0,0,1,0,0,0,0
"Avenida Godofredo Maciel - de 1283 a 2343 - lado ímpar, Maraponga, Fortaleza, CE, 60710683","Maraponga",420000,460,0,64,3,2,1,0,1,1,1,0,1,1,0,0,0,0,0,0,0,0,0,0,0
"Rua Florêncio Coelho Holanda, Maraponga, Fortaleza, CE, 60711220","Maraponga",420000,500,0,72,3,2,2,0,1,1,1,0,0,0,0,0,0,1,0,0,0,0,0,0,0
"Rua Rúbens Monte, Jardim Cearense, Fortaleza, CE, 60712025","Jardim Cearense",420000,520,0,65,3,2,2,1,1,1,1,0,1,1,1,0,1,0,0,0,0,0,0,0,0
"Avenida Godofredo Maciel - de 1283 a 2343 - lado ímpar, Maraponga, Fortaleza, CE, 60710903","Maraponga",425000,0,0,150,3,1,2,0,0,0,0,1,1,1,1,0,0,0,0,1,1,0,0,0,0
"Rua Emílio SáJardim Cearense, Fortaleza, CE, 60712045, Rua Emílio SáJardim Cearense","Jardim Cearense",425000,450,0,8675,4,3,NA,0,1,1,0,0,0,1,0,0,0,0,0,0,1,0,0,0,0
"Rua Emílio SáJardim Cearense, Fortaleza, CE, 60712045, Rua Emílio SáJardim Cearense","Jardim Cearense",425000,480,0,79,4,3,2,0,0,1,0,0,1,1,1,0,0,0,0,1,0,0,0,0,0
"Rua Mirtil Meyer, Mondubim, Fortaleza, CE, 60762080","Mondubim",430000,0,0,63,3,2,2,0,0,0,0,0,1,1,0,0,0,0,0,0,1,0,0,0,0
"Rua Rúbens Monte, Jardim Cearense, Fortaleza, CE, 60712025","Jardim Cearense",435000,495,0,54,2,2,1,1,0,1,1,1,1,1,1,1,0,0,0,0,1,0,0,0,0
"Rua Rúbens Monte, Jardim Cearense, Fortaleza, CE, 60712025","Jardim Cearense",435000,514,99,75,2,1,2,0,1,0,0,1,0,0,0,0,0,0,0,0,0,0,0,0,0
"Rua Rúbens Monte, Jardim Cearense, Fortaleza, CE, 60712025","Jardim Cearense",435000,514,99,75,2,1,2,0,1,0,0,1,0,0,0,0,0,0,0,0,0,0,0,0,0
"Maraponga, Fortaleza, CE, 60710684, Maraponga","Maraponga",445000,495,NA,62,2,3,2,1,1,0,1,1,1,1,1,1,1,0,0,1,0,0,0,0,0
"Rua Rúbens Monte, Jardim Cearense, Fortaleza, CE, 60712025","Jardim Cearense",445000,462,897,54,2,2,1,0,1,1,1,0,0,1,0,0,0,0,0,0,0,0,0,0,0
"Avenida Godofredo Maciel - de 1282 a 3540 - lado par, Maraponga, Fortaleza, CE, 60710684","Maraponga",445125,0,0,61,3,3,1,0,0,1,1,0,1,1,0,0,0,0,0,1,0,0,0,0,0
"Rua Amarília Dutra, Maraponga, Fortaleza, CE, 60711040","Maraponga",45000,0,0,44,2,1,1,0,0,1,0,1,0,1,1,1,1,0,0,0,0,0,0,0,0
"Rua Itacira, Mondubim, Fortaleza, CE, 60711446","Mondubim",45000,100,100,45,2,1,1,0,0,0,0,1,0,1,0,1,0,0,0,0,0,0,0,0,0
"Rua Aymar Rodrigues, Maraponga, Fortaleza, CE, 60711110","Maraponga",45000,180,13,44,2,1,1,0,0,1,0,1,0,1,1,0,0,0,0,0,0,0,0,0,0
"Rua Itacira, Mondubim, Fortaleza, CE, 60711446","Mondubim",45000,200,100,44,2,1,1,0,0,0,0,0,0,0,0,0,0,0,0,0,0,0,0,0,0
"Rua Aymar Rodrigues, Maraponga, Fortaleza, CE, 60711110","Maraponga",45000,250,13,45,2,1,1,0,0,1,1,1,0,1,1,0,0,0,0,0,0,0,0,0,0
"Rua Aymar Rodrigues, Maraponga, Fortaleza, CE, 60711110","Maraponga",45000,480,13,57,2,1,1,0,0,0,0,0,0,1,0,0,0,0,0,0,0,0,0,0,0
"Rua Rúbens Monte, Jardim Cearense, Fortaleza, CE, 60712025","Jardim Cearense",450000,450,0,65,3,2,2,0,1,1,1,0,0,0,0,0,0,0,0,0,0,0,0,0,0
"Rua Rúbens Monte, Jardim Cearense, Fortaleza, CE, 60712025","Jardim Cearense",450000,0,0,64,3,2,2,1,0,1,1,1,1,1,1,1,0,0,0,0,0,0,0,0,0
"Rua Rúbens Monte, Jardim Cearense, Fortaleza, CE, 60712025","Jardim Cearense",450000,0,0,63,3,3,NA,0,0,0,0,0,0,0,0,0,0,0,0,0,0,0,0,0,0
"Rua Benjamim Brasil - de 2/3 ao fim, Mondubim, Fortaleza, CE, 60711442","Mondubim",450000,350,0,144,3,3,NA,0,0,1,1,0,0,0,0,0,0,1,0,0,0,0,0,0,0
"Rua Florêncio Coelho Holanda, Maraponga, Fortaleza, CE, 60711220","Maraponga",450000,400,0,72,3,2,2,0,1,1,1,0,0,0,0,0,0,0,0,0,0,0,0,0,0
"Rua Rúbens Monte, Jardim Cearense, Fortaleza, CE, 60712025","Jardim Cearense",450000,420,0,64,3,2,2,1,0,1,1,1,1,1,1,1,0,0,0,0,0,0,0,0,0
"Rua Rúbens Monte, Jardim Cearense, Fortaleza, CE, 60712025","Jardim Cearense",450000,450,800,64,2,2,2,0,1,1,1,0,1,0,0,0,0,0,0,0,0,0,0,0,0
"Rua Aymar Rodrigues, Maraponga, Fortaleza, CE, 60711110","Maraponga",450000,470,13,64,2,2,1,1,0,1,1,1,0,1,1,0,0,1,0,0,0,0,0,0,0
"Rua Rúbens Monte, Jardim Cearense, Fortaleza, CE, 60712025","Jardim Cearense",450000,500,0,64,3,2,2,0,0,1,1,0,1,1,0,0,0,0,0,0,0,0,0,0,0
"Rua Rúbens Monte, Jardim Cearense, Fortaleza, CE, 60712025","Jardim Cearense",450000,520,0,64,3,2,2,1,0,1,1,1,1,1,1,1,0,0,0,0,0,0,0,0,0
"Rua Rúbens Monte, Jardim Cearense, Fortaleza, CE, 60712025","Jardim Cearense",450000,530,150,64,3,2,2,1,0,1,1,1,1,1,1,0,0,1,0,1,1,1,0,0,0
"Rua Assunção, Jardim Cearense, Fortaleza, CE, 60712020","Jardim Cearense",450000,550,1110,72,3,2,2,0,0,1,1,1,0,0,1,0,0,0,0,0,0,0,0,0,0
"Rua Mirtil Meyer, Mondubim, Fortaleza, CE, 60762080","Mondubim",455000,518,50,63,3,2,1,0,1,1,1,0,1,1,0,0,0,0,0,1,0,0,0,0,0
"Avenida Godofredo Maciel - de 1282 a 3540 - lado par, Maraponga, Fortaleza, CE, 60710902","Maraponga",455000,400,NA,NA,3,2,2,1,1,0,1,1,0,1,0,0,1,0,0,1,0,0,1,1,0
"Rua Mirtil Meyer, Mondubim, Fortaleza, CE, 60762080","Mondubim",455000,517,0,63,3,2,1,0,1,1,1,0,1,1,0,0,0,0,0,1,0,0,0,0,0
"Rua Rúbens Monte, Jardim Cearense, Fortaleza, CE, 60712025","Jardim Cearense",459900,520,0,55,2,2,2,0,1,0,0,1,1,1,0,0,0,1,0,0,1,0,0,0,0
"Rua Rúbens Monte, Jardim Cearense, Fortaleza, CE, 60712025","Jardim Cearense",460000,420,NA,62,3,NA,NA,0,1,1,1,0,0,0,0,0,0,0,0,1,0,0,0,0,0
"Rua Mirtil Meyer, Mondubim, Fortaleza, CE, 60762080","Mondubim",460000,450,1000,63,3,2,2,1,1,0,1,1,1,1,1,1,1,1,0,1,1,1,0,0,0
"Rua Mirtil Meyer, Mondubim, Fortaleza, CE, 60762080","Mondubim",479000,499,900,64,3,2,2,1,0,1,1,1,1,1,1,1,0,0,1,1,1,1,0,0,0
"Rua Itacira, Mondubim, Fortaleza, CE, 60711446","Mondubim",49000,200,100,44,2,1,1,0,0,1,0,1,0,1,1,1,0,0,0,0,1,0,0,0,0
"Rua Rúbens Monte, Jardim Cearense, Fortaleza, CE, 60712025","Jardim Cearense",490000,0,0,64,3,2,2,0,0,1,1,0,0,0,0,0,0,0,0,0,0,0,0,0,0
"Avenida Godofredo Maciel - de 2345 a 3101 - lado ímpar, Jardim Cearense, Fortaleza, CE, 60712023","Jardim Cearense",490000,483,NA,63,3,2,2,1,1,1,1,1,1,1,1,1,1,0,1,1,0,0,0,0,0
"Rua Rúbens Monte, Jardim Cearense, Fortaleza, CE, 60712025","Jardim Cearense",490000,514,0,64,3,2,2,1,0,1,1,1,1,0,0,0,0,0,0,0,0,0,0,0,0
"Rua Rúbens Monte, Jardim Cearense, Fortaleza, CE, 60712025","Jardim Cearense",495000,450,0,72,3,2,1,0,0,1,1,0,1,0,0,0,0,0,0,0,0,0,0,0,0
"Rua Emílio SáJardim Cearense, Fortaleza, CE, 60712045, Rua Emílio SáJardim Cearense","Jardim Cearense",495100,480,1,87,4,3,2,0,0,1,0,0,0,0,0,0,0,0,0,1,1,0,0,0,0
"Rua Itacira, Mondubim, Fortaleza, CE, 60711446","Mondubim",50000,200,100,44,2,1,1,0,0,1,0,1,0,1,1,1,0,0,0,0,1,0,0,0,0
"Rua Itacira, Mondubim, Fortaleza, CE, 60711446","Mondubim",50000,200,50,44,2,1,1,0,0,1,0,1,0,1,1,0,0,0,0,0,0,0,0,0,0
"Rua Itacira, Mondubim, Fortaleza, CE, 60711446","Mondubim",50000,250,13,44,2,1,1,0,0,1,0,1,0,1,1,0,0,0,0,0,0,0,0,0,0
"Rua Rúbens Monte, Jardim Cearense, Fortaleza, CE, 60712025","Jardim Cearense",5e+05,500,0,65,3,2,2,1,0,1,1,1,1,1,1,1,0,0,0,0,0,0,0,0,0
"Rua Rúbens Monte, Jardim Cearense, Fortaleza, CE, 60712025","Jardim Cearense",5e+05,0,1200,64,3,2,2,0,1,1,1,0,0,0,0,0,0,0,0,0,0,0,0,0,0
"Rua Rúbens Monte, Jardim Cearense, Fortaleza, CE, 60712025","Jardim Cearense",510000,470,45,64,3,2,2,1,0,1,1,1,1,1,1,1,0,0,1,1,1,0,0,0,0
"Rua Rúbens Monte, Jardim Cearense, Fortaleza, CE, 60712025","Jardim Cearense",510000,470,45,64,3,1,2,1,0,1,1,1,1,1,1,1,0,0,0,0,0,0,0,0,0
"Rua Rúbens Monte, Jardim Cearense, Fortaleza, CE, 60712025","Jardim Cearense",510200,490000,NA,65,3,2,2,1,1,0,1,1,1,0,1,1,1,0,1,0,0,1,0,0,0
"Rua Benjamim Brasil - de 2/3 ao fim, Mondubim, Fortaleza, CE, 60711442","Mondubim",520000,350,0,140,3,2,2,0,0,0,0,0,0,0,0,0,0,0,0,0,0,0,0,0,0
"Rua Rúbens Monte, Jardim Cearense, Fortaleza, CE, 60712025","Jardim Cearense",520000,200,100,64,3,1,2,0,0,0,0,0,0,0,0,0,0,0,0,0,0,0,0,0,0
"Rua Rúbens Monte, Jardim Cearense, Fortaleza, CE, 60712025","Jardim Cearense",520000,300,100,64,3,1,1,0,0,0,0,0,0,0,0,0,0,0,0,0,0,0,0,0,0
"Rua Rúbens Monte, Jardim Cearense, Fortaleza, CE, 60712025","Jardim Cearense",520000,300,200,64,3,1,2,0,0,0,0,0,0,0,0,0,0,0,0,0,0,0,0,0,0
"Rua Rúbens Monte, Jardim Cearense, Fortaleza, CE, 60712025","Jardim Cearense",520000,450,13,85,3,2,2,1,0,1,1,1,0,1,1,0,0,0,0,0,0,0,0,0,0
"Rua Itacira, Mondubim, Fortaleza, CE, 60711446","Mondubim",53000,200,100,44,2,1,1,0,0,1,0,1,0,1,1,1,0,0,0,0,1,0,0,0,0
"Rua Rúbens Monte, Jardim Cearense, Fortaleza, CE, 60712025","Jardim Cearense",530000,469,0,64,3,2,NA,1,0,1,1,1,1,1,1,1,0,0,0,0,1,0,0,0,0
"Rua Rúbens Monte, Jardim Cearense, Fortaleza, CE, 60712025","Jardim Cearense",539900,600,0,64,3,2,2,0,1,0,0,1,1,1,0,0,0,0,0,0,1,0,0,0,0
"Rua Itacira, Mondubim, Fortaleza, CE, 60711446","Mondubim",54000,260,100,44,2,1,1,0,0,0,0,0,0,0,0,0,0,0,0,0,0,0,0,0,0
"Rua Itacira, Mondubim, Fortaleza, CE, 60711446","Mondubim",55000,250,13,44,2,1,1,0,0,1,0,1,0,1,1,0,0,0,0,0,0,0,0,0,0
"Rua Itacira, Mondubim, Fortaleza, CE, 60711446","Mondubim",55000,200,50,44,2,1,1,0,1,0,0,1,0,1,1,1,0,0,0,0,0,0,0,0,0
"Rua Itacira, Mondubim, Fortaleza, CE, 60711446","Mondubim",55000,100,0,44,2,1,NA,0,0,0,0,0,0,0,0,0,0,0,0,0,0,0,0,0,0
"Rua Itacira, Mondubim, Fortaleza, CE, 60711446","Mondubim",55000,100,100,44,2,1,1,0,0,0,0,1,0,1,1,1,0,0,0,0,0,0,0,0,0
"Rua Itacira, Mondubim, Fortaleza, CE, 60711446","Mondubim",55000,190,100,44,2,1,1,0,0,0,0,0,0,0,0,0,0,0,0,0,0,0,0,0,0
"Rua Itacira, Mondubim, Fortaleza, CE, 60711446","Mondubim",55000,200,100,44,2,1,1,0,0,0,0,1,0,1,1,1,0,0,0,0,0,0,0,0,0
"Rua Itacira, Mondubim, Fortaleza, CE, 60711446","Mondubim",55000,200,200,44,2,1,1,0,0,1,0,1,0,1,1,1,0,0,0,0,0,0,0,0,0
"Rua Itacira, Mondubim, Fortaleza, CE, 60711446","Mondubim",55000,200,50,45,2,1,1,0,1,1,0,1,0,1,1,0,0,0,0,0,0,0,0,0,0
"Rua Itacira, Mondubim, Fortaleza, CE, 60711446","Mondubim",55000,250,13,45,2,1,1,0,0,1,0,1,0,1,1,0,0,0,0,0,0,0,0,0,0
"Rua Rúbens Monte, Jardim Cearense, Fortaleza, CE, 60712025","Jardim Cearense",569000,571,NA,64,3,2,2,1,1,0,1,1,1,1,1,1,1,1,1,1,0,1,0,0,0
"Rua Rúbens Monte, Jardim Cearense, Fortaleza, CE, 60712025","Jardim Cearense",575000,495,NA,64,2,2,2,1,0,0,1,1,1,1,1,1,1,1,0,1,0,1,0,0,0
"Mondubim, Fortaleza, CE, 60711466, Mondubim","Mondubim",58000,280,NA,NA,2,1,1,0,0,1,0,1,0,1,1,1,0,0,0,0,0,0,0,0,0
"Rua Rúbens Monte, Jardim Cearense, Fortaleza, CE, 60712025","Jardim Cearense",590000,514,0,64,3,2,2,1,0,1,1,1,1,0,0,0,0,0,0,0,0,0,0,0,0
"Vila Bardanha, Maraponga, Fortaleza, CE, 60711045","Maraponga",60000,250,13,44,2,1,1,0,0,1,1,1,0,1,1,0,0,0,0,0,0,0,0,0,0
"Rua Doutor Rodrigo Codes Sandoval, Mondubim, Fortaleza, CE, 60711455","Mondubim",649000,572,0,123,3,3,2,1,0,1,1,1,1,1,1,0,1,0,0,0,1,0,0,0,0
"Rua Coronel Manuel Albano, Mondubim, Fortaleza, CE, 60711465","Mondubim",650000,220,NA,45,2,1,1,0,1,1,1,1,0,0,1,1,1,0,1,1,0,0,0,0,0
"Avenida Godofredo Maciel - de 1282 a 3540 - lado par, Maraponga, Fortaleza, CE, 60710684","Maraponga",7e+06,0,0,395,4,4,NA,1,1,1,1,1,1,1,1,1,1,0,0,1,0,0,0,0,1
"Rua Monte Líbano, Mondubim, Fortaleza, CE, 60762376","Mondubim",75000,300,50,45,2,1,1,0,0,1,1,1,0,1,1,0,0,0,0,0,0,0,0,0,0
"Rua Diamante, Mondubim, Fortaleza, CE, 60761445","Mondubim",750000,650,0,70,3,1,2,0,0,0,0,0,0,0,0,0,0,0,0,0,0,0,0,0,0
"Rua Monte Líbano, Mondubim, Fortaleza, CE, 60762376","Mondubim",90000,NA,NA,49,2,1,NA,0,0,0,0,0,0,0,0,0,0,0,0,0,0,0,0,0,0
"Rua Castro Meireles, Mondubim, Fortaleza, CE, 60711475","Mondubim",980000,380,NA,50,3,1,1,0,1,0,0,1,0,0,0,1,1,0,0,1,0,0,0,0,0
